name,confectionery_id
Ebbs Clint,555
Raven Russel,336
Hepburn Jayden,1856
Morrison Peyton,549
Varndell Fred,1664
Smith Boris,1589
Power Camellia,1652
Vincent Elisabeth,253
Mason Owen,960
Tailor Gil,1591
Griffiths Valentina,244
Shaw Maia,899
Heaton Cristal,895
Olivier Erin,416
Maxwell David,1220
Townend Mavis,525
Morris Nicholas,86
Bowen Martin,809
Daniells Tyler,323
Gosling Liam,1157
Hastings Goldie,1353
Clark Danny,1955
Carter Raquel,1839
Darcy Jessica,293
Salt Sharon,1510
Patel Sage,888
Janes Jennifer,1008
Driscoll Priscilla,223
Walsh Kurt,1019
Drake Carissa,218
Tobin Crystal,1772
Notman Melody,1315
Waterson Adela,841
King Daron,1229
Cunningham Rae,1586
Bennett Lorraine,1307
Wood Leilani,1018
Bingham Kenzie,1558
Barrett Daron,1870
Crawley Hope,758
Button Denis,1329
Robinson Hanna,1443
Shaw Rick,1610
Hamilton Owen,505
Pearce Mona,715
Gibbons Julia,1812
Moreno Sofia,597
Rycroft Rick,1316
Eagle Harvey,1558
Selby Cristal,1787
Stewart Josephine,954
Devonport Quinn,730
Hardwick Rosalee,897
Kirby Matthew,242
Dobson Piper,776
Andrews Cedrick,1711
Lunt Gil,598
Kerr Emmanuelle,402
Andersson Havana,568
Blackwall Shelby,824
Rycroft Felicity,1552
Khan Ema,1309
Walter Barney,825
Mcgregor Ally,1045
Richards Bethany,374
Asher Manuel,1173
Wise Phillip,544
Allcott Michael,311
Palmer Kenzie,925
Alldridge Chris,791
Woodley Alexander,1645
Patel Melody,851
Umney Clarissa,292
Bailey Sage,527
Oldfield Mary,1150
Saunders Wendy,16
Tait Alan,676
Varley Carolyn,668
Sinclair Roger,1755
Rust Harvey,1326
Snow Kurt,1521
Antcliff Michael,1189
Reyes Tom,625
Waterson Kirsten,1055
Gordon Angel,1653
Rodgers Elijah,1740
Giles Elijah,186
Ebden Britney,971
Alcroft Cherish,569
Kelly Eryn,1491
Griffiths Eileen,661
Griffiths Judith,69
Nash Sadie,629
Grady Lillian,792
Brooks Harvey,268
Darcy Margot,235
Farrell Liam,1060
Evans Joseph,370
Morris Tyson,1210
Faulkner Jocelyn,610
Khan Alice,1883
Potts Tony,900
Yates Brad,1696
Collis Angelica,1895
Cavanagh Benny,386
Ellis John,78
Skinner Hayden,839
Kidd Bryon,287
King Camellia,63
Saunders Dalia,1909
Woods Ramon,21
Vincent Shelby,404
Emerson Tyler,411
Wade Meredith,691
Simmons Sofie,1019
Sherwood Josh,1479
Carpenter Charlize,1821
Freeburn Anthony,779
Hunter Hayden,694
Porter Danny,1805
Aldridge Estrella,164
Lyon Rosa,1381
Owens Charlize,1156
Locke Colleen,1228
Crawley Willow,428
Yarwood Jack,1737
Spencer Julius,1399
Nicholls Kate,1267
Willson Angela,552
Salt Ramon,570
Clarkson Eduardo,1265
Gavin Chadwick,1407
Reynolds Norah,178
Roberts Tony,1311
Mcnally George,160
Ross Bob,1568
Robertson Violet,1571
Selby Eduardo,1456
Ellis Jade,647
Casey Rowan,307
Cassidy David,1817
Callan Stella,444
Vince Robyn,1029
Waterson Susan,312
Reynolds Cassidy,1755
Olson Josh,1722
Anderson Melanie,715
Moore Boris,854
Addley Courtney,945
Parker Phoebe,381
Griffiths Isla,960
Tate Audrey,682
Whitmore Francesca,1525
Cowan Owen,1432
Nayler Naomi,583
Cadman Phillip,576
Gardner Alexander,1703
Wheeler Britney,579
Curtis Nate,1730
Bentley Abbey,1793
Owen Josh,1590
Williams Elena,135
Milner Sylvia,1583
Dwyer Savannah,1855
Gibson Liam,145
Parker Barry,225
Rodwell Matt,1925
Lucas Harvey,1391
Harrison Julius,1183
Gibbons Josh,1258
Whitmore Charlotte,135
Pratt Leroy,1260
Drew Liam,1000
Lewis Nicholas,1968
Potter Chester,555
Swift Eve,1953
Groves Julian,667
Allen Crystal,252
Parr Harry,1624
Johnson Carl,623
Brown Boris,1709
Quinn Ethan,1944
Ramsey Daron,1910
Cowan Caydence,606
Carter Alex,613
Uddin Hadley,1426
Yates Wendy,557
Young Russel,287
Walton Luke,1145
Widdows Rhea,1854
Bingham Anthony,1468
Parr Luke,1798
Squire Judith,819
Mitchell Johnathan,1875
Hastings Owen,298
Underhill Nick,1761
Morris Nicholas,1744
Lewis Violet,57
Douglas Kurt,1724
Partridge Vera,1931
Coleman Tess,431
Brett Rocco,1651
Connell Nina,822
Callan Harry,1235
Glass Aiden,89
Ryan Carina,959
Shaw Chadwick,852
Coll Doug,1454
Barclay Norah,473
Edler Rebecca,393
Woodcock Jules,1440
Thomas Jenna,235
Shaw Rosie,1806
Partridge Zoe,1588
Everett Kurt,1696
Wilton Erick,603
Weston Vicky,1246
Avery Hazel,60
Clarke Mayleen,903
Simpson Abdul,1937
Vangness Tony,1684
Power Cristal,113
Moore Denis,1937
Judd Clint,1884
Kaur Elijah,119
Gilmour Ronald,1865
Cameron Deborah,1354
Norton Aleksandra,813
Harper Emerald,866
Roth Bart,906
Whatson Ellen,194
Allcott Destiny,961
Moran Mavis,756
Vallory Taylor,1960
Martin Roger,1411
Allington Mark,141
Long Erica,1273
Gregory Ron,1437
Dale Chester,1455
Cartwright Luke,590
Stark Cedrick,1987
Baker Martin,1505
Dubois Laila,136
Morley Leanne,1643
Grey Gina,148
Morris Liam,1392
Richardson Kieth,45
Barclay Manuel,679
Veale Julian,874
Mills Sasha,856
Holmes Rebecca,1649
Cadman Paula,98
Morley Maxwell,449
Keys Nate,98
Watson Piper,1508
Neal Bristol,1481
Harvey Adela,158
Cooper Anabelle,464
Chapman Brad,378
Hardwick Morgan,957
Dobson Fred,415
Welsch Aiden,874
Flynn Boris,1954
Moreno Norah,405
Griffiths Vicky,96
Bell Jack,602
Ward Christy,417
Lynch Bryon,1301
Mcleod Michael,1346
Robe Zara,610
Hobson Goldie,1877
Appleton Alexander,266
Russell Martin,473
Yates Cara,882
Fulton Clint,1056
Cann Denny,575
Glynn Ryan,1939
Briggs Daron,1104
Roman Johnathan,942
Gordon Sabrina,63
Bradshaw Nathan,40
Lewis Aiden,1299
Barrett Gwenyth,965
Thompson Leroy,128
Isaac Andrea,365
Reid Ethan,1366
Anderson Colleen,1134
Cork Dani,24
Emerson Lucas,1190
Yoman Abdul,485
Uddin Chanelle,1712
Savage Ally,997
Olivier Chuck,1578
Harvey Melania,524
Graham Rosemary,873
Brooks Harry,1169
Hepburn Savannah,16
Appleton Javier,314
Murray Maribel,329
Flett Danny,1856
Rogers Alan,849
Addison Percy,1066
Fall Mara,397
Hill Rylee,1327
Blythe Makenzie,1640
Cox Ethan,1327
Locke Barry,1084
Evans Charlotte,1930
Morley Makena,1146
Eastwood Liam,563
Andrews Allison,365
Alcroft Roger,499
Uddin Rosa,103
Hilton Rihanna,1929
Robinson Carolyn,1777
Speed John,1522
Janes Elijah,1465
Price Grace,327
Gonzales Remy,312
Nielson Nicholas,1012
Adams Penny,665
Watson Danny,210
Darcy Fiona,229
Parker Grace,934
Connor Sofie,1995
Gilmore Noemi,1234
Jackson Norah,964
Bell Jacob,691
Brown Chester,694
Dobson Logan,1999
Campbell Harry,926
Carson Tom,504
Hunt Hayden,1755
Quinn Angelina,762
Eddison Nathan,554
Bullock Rosalee,170
Hilton Juliet,1531
Welsch Fiona,704
Tailor Florence,1318
Vollans Alessandra,184
Mcneill Cynthia,1589
Morris Aiden,1887
Larkin Julian,1011
Andersson Abdul,834
Rogers Domenic,917
Butler Luke,349
Allen Aleksandra,1433
Glynn Benjamin,1504
Stevenson Gemma,1340
Bennett Cedrick,1145
Waterson Gina,119
Benfield Mike,709
Strong Diane,482
Kidd Roger,1073
Payne Fred,1354
Stone Priscilla,1230
Beal Bart,548
Lewis Liam,1803
Allwood Moira,194
Jones Alessandra,692
Jeffery Nate,48
Martin Alessandra,1290
Utterson Caleb,79
Boden Tyler,1249
Brown Daniel,1871
Freeburn Jacob,546
Funnell Benjamin,1329
Grady Makena,1564
Judd Nancy,1771
Ward Roger,1523
Robinson Henry,1921
Wilcox Luke,789
Carter Javier,1343
Pratt Mason,409
Nicolas Nancy,1755
Fisher Mabel,429
Alexander Erick,228
Smith Maxwell,1938
Murphy Alan,554
Fulton Danny,468
Kelly Karen,630
Dixon Ada,1808
Yates Benjamin,710
Pitt Ronald,190
Yarwood Florence,1646
Swan Lucy,1180
Patel Dani,595
Villiger Beatrice,1689
Eddison Owen,1058
Bailey Domenic,1718
Oatway Phoebe,1024
Hooper Doug,319
Briggs Abdul,1178
Chapman Crystal,1868
Hunt Henry,1236
Murray Harriet,637
Healy Aleksandra,553
Gaynor Domenic,1861
Owen Luke,267
Gosling Robyn,795
Nobbs Cherish,1915
Varndell Mike,978
Haines Tyson,776
Evans Tyson,752
Kirby Joy,1518
Rixon Willow,1353
Whatson Carl,1118
Glass William,966
Sylvester Nathan,583
Harvey Johnathan,1646
Gordon Cristal,1716
Grant Tyson,1366
Yarlett Rosalie,1612
Stevenson Luna,1079
Gaynor Dorothy,1571
Snow Matt,903
Emmett Carl,1650
Robertson Rowan,486
Harrison Emerald,720
Collingwood Adina,1483
Todd Chris,870
Tennant Nathan,1957
Broomfield Mandy,832
Tyrrell Remy,1530
Dyson Celina,199
Varley Mark,1893
Clark Luke,808
Poulton Oliver,1631
Ebbs Mina,1192
Olson Tyson,871
Johnson Julius,1088
Duvall Oliver,962
Noach Kirsten,1266
Summers Manuel,1613
Butler Leslie,460
Jobson Alice,1911
Dixon Ryan,338
Driscoll Payton,1785
Kennedy Bob,1483
Davies Diane,951
Morris Rowan,1051
Beal Alessandra,614
Stark Isabel,423
Gilbert Tiffany,1161
Roscoe Mark,931
Ellwood Greta,1456
Windsor Joseph,1583
Dwyer Vicky,813
Fulton Andie,1771
Brooks Esmeralda,551
Vinton Gemma,1927
Clarke Maxwell,1374
Wilkinson Alison,363
Coleman Chuck,1513
Gunn Michael,620
Griffiths Ciara,990
Murray Sonya,569
Benfield Dasha,1518
Stevens Sienna,453
Willis Aleksandra,347
Mcguire Caitlyn,73
Notman Anthony,1775
Morrow Irene,1456
Devonport Tyler,356
Hewitt Josephine,1414
Tyrrell Maya,815
Clarke David,847
Dale Liam,5
Gray Cassidy,303
Walsh Jack,1933
Isaac Holly,1754
Wheeler Sylvia,1458
Olivier John,1633
Skinner Andrea,1763
Parr Abbey,1537
Butler Oliver,1357
Oatway Anthony,23
Holmes Florence,1359
Anderson Benjamin,460
Davies Ruth,1010
Lindop Julianna,1296
Russell Daron,996
Chapman Tiffany,1155
Appleton Chadwick,1085
Dickson Audrey,1865
Becker Emmanuelle,117
Mason Laila,758
Mcgregor Rocco,1765
Appleton Denis,459
Ward Hadley,681
Yang Megan,392
Evans Keira,1931
Glynn Melinda,1771
Griffiths Charlotte,1108
Addley Melody,1785
Uddin Holly,810
Roscoe Piper,887
Ross Juliette,1559
Allen Jennifer,1913
Graham Abdul,1003
Boden Chelsea,1123
Wilson Mayleen,52
Lewis Joseph,1354
Swan Nick,1336
Wilcox Nathan,1117
Herbert Chester,1652
Notman Noah,85
Tailor Tyson,1549
Ulyatt Maria,1307
Stevenson Caleb,1751
Chapman Liam,1037
Whinter Maxwell,1350
Spencer Denny,590
Craig Goldie,1780
Shaw Eduardo,331
Wilde Julian,862
Cassidy Bart,1443
Shaw Javier,632
King Bob,1975
Noon Hope,1666
Tennant Jacob,1268
Ross Russel,852
Willis Christy,1821
Wheeler Denis,728
Clarkson Owen,807
Ebbs Sebastian,1713
Murray Ramon,1624
Wright Vivian,871
Wright Owen,1593
Glynn Catherine,1473
Gosling Chris,891
Edler Doug,1884
Khan Rocco,1620
Vaughn Roger,106
Freeburn Carl,1497
Griffiths Matthew,1181
Burge Abdul,483
Hamilton Leilani,148
Jefferson Kirsten,254
Pond Benjamin,511
Hardwick Chester,1019
Gordon Alessia,212
Mason Sienna,1548
Warren Harry,1758
Douglas Barney,158
Thompson Wade,1222
Dale Colleen,142
Adams Henry,371
Ballard Ron,190
Nayler Amy,1043
Greenwood Analise,257
Rothwell Cecilia,1803
Chester Harmony,175
Pearce Abdul,685
Marshall Luke,128
Knott Adalie,113
Fleming Josh,179
Morris Tania,1257
Saunders Nathan,1664
Dowson Jacob,1586
Drummond Joseph,318
Simpson Chris,674
Yoman John,1901
Hunter Danny,633
Mcnally Teagan,1228
Wade Georgia,1638
Jeffery Stella,255
Archer Alexander,1458
Parker Tyson,1406
Fox Denny,1076
Pearce Ramon,1758
Ellwood Erick,825
Mcguire Percy,674
Oakley Jacob,1234
Archer Michael,148
Murray Abbey,342
Marshall Remy,402
Dann Julius,1854
Latham Elise,1727
Salt Maribel,355
Hopkins Leroy,208
Robertson Lexi,824
Salt John,1389
Morrow Caleb,1577
Tyler Nathan,1376
Hancock Sage,1726
Harrison Marjorie,835
Addison Ryan,1240
Rycroft Sebastian,928
Mcguire Freya,1992
Shepherd Nancy,961
Roberts Julius,1069
Wright Chris,451
Rowan Caleb,442
Wilton Julian,1244
Savage Sage,1453
Greenwood Denny,1749
Lindsay Kamila,634
Ranks Tania,570
Wright Tony,767
Grady Hayden,1207
Stewart Camden,885
Upton William,1400
Thorne Payton,949
Kelly Leroy,141
Moore Rufus,982
Yard Shelby,82
Taylor Ruth,1565
Keys Livia,1980
Malone Kamila,1751
Mann William,5
Nielson Chuck,1443
Tutton Bart,831
Mcguire Mandy,1392
Gray Rick,1738
Reynolds Eduardo,1213
Hudson Isabel,1988
Hastings Joy,1444
Lindop Teagan,1468
Robertson Nick,1995
Brett Ron,1195
Redwood Jasmine,389
Sanchez Rufus,1154
Harper Mark,616
Overson Jazmin,1536
Saunders Savannah,681
Anderson Isabella,31
Harris Celia,1964
Myatt Julius,1073
Henderson Lucas,589
Parr Domenic,402
Widdows Harvey,1432
Rothwell Joseph,713
Weldon Hope,403
Pratt Elijah,1758
Ashley Boris,1192
Blackwall Mason,586
Kennedy Clarissa,1292
Lee Piper,612
Rowan Elly,905
Morris Eduardo,313
Pearson Zoe,414
Weasley Naomi,296
Norburn Matt,975
Wise Johnathan,1993
Kent Madelyn,659
Huggins Penny,1397
Briggs Teagan,88
Osman Sylvia,244
Cooper Nate,1889
Farrell Britney,1315
Groves Clint,970
Simmons Kurt,1594
Harper Ethan,1966
Rossi Julius,283
Turner Francesca,60
Simpson Goldie,758
Mould Angelique,1855
Yates Michelle,1623
Preston Gwenyth,1587
Yarwood Alice,758
Moore Alexander,1379
Evans Kaylee,1686
Goldsmith Mya,327
Drake Samara,1232
Seymour Johnny,706
Kerr Erin,903
Rycroft Logan,1330
Mould Angelica,723
Rodgers Isla,125
Emmett Erick,1528
Patel Zoe,494
White Joseph,612
Pearce Angelina,913
Corbett Ronald,947
Villiger Chadwick,410
Vollans Lucas,15
Fields Adela,42
Harris Noah,200
Styles Julia,349
Steer Havana,1962
Morrow Bob,1771
Coleman Alexander,1544
Jennson Harry,639
Varley Davina,959
Wade Naomi,1320
Kennedy Irene,824
Wellington Carl,1922
Ingram Martin,730
Villiger Harry,1053
Malone Hayden,1130
Freeburn Aileen,384
Stanton Caleb,1457
Kent Nathan,1632
Matthews Eduardo,1736
Carter Maia,984
Vollans Mason,393
Farrant Freya,376
Kaur Tony,540
Shelton Lucy,1070
Knight Jayden,107
Gibson Denny,1163
Allwood Manuel,394
Reese Leah,446
Gavin Trisha,1313
Rigg Rick,1784
Russel Sara,351
Farrow Phillip,968
Ashwell Britney,1342
Hall Sabina,1136
Kirby Angelina,1522
Morris Sofia,550
Daniells Kieth,1564
John Julius,1896
Ashwell Elly,1578
Shaw Valerie,671
Judd Renee,125
Connell Domenic,176
London Tony,1515
Tanner Clint,143
Brown Cedrick,936
Thomas Tyler,326
Furnell Ryan,875
Norton Cedrick,681
Drew Oliver,12
Jackson Caydence,1617
Umney Enoch,788
Wooldridge Emmanuelle,488
Bingham Hank,448
Benfield Barry,562
Gibson Florence,863
Brock Anne,860
Rigg Candace,1272
Moreno Peter,1874
Niles Tom,436
Appleton Rocco,1549
Henderson Gemma,1239
Spencer Deborah,318
Phillips Kamila,404
Taylor Marina,1143
Keys Leroy,1080
Dunbar Kieth,742
Parr Leanne,413
Vallins Ethan,1298
Cooper Rylee,1135
Steer Estrella,932
Hunter Jack,1854
Hale Miriam,1087
Gray Sabrina,1518
Cann Fred,26
Driscoll Penny,298
Thatcher Jacob,404
Vaughn Martin,1463
Tobin Ethan,172
Ellis Kurt,706
Michael George,17
Simpson William,831
Sanchez Sebastian,570
Johnson Alan,419
Needham Megan,1797
Graves Samara,1547
Hood Sadie,1665
Miller Victoria,1232
Jarvis Laila,541
Pratt Kassandra,656
Wilkinson Megan,1451
Isaac Hayden,1877
Morrison Aisha,843
Warren Kate,1180
Fowler Chadwick,1455
Patel Rebecca,32
Kelly Kurt,1020
Bishop Madelyn,849
Waterson Bernadette,764
Lindsay Grace,589
Blackwall Sara,458
Upton Gina,1189
Evans Ramon,1701
Pond Cedrick,1224
Ventura Cristal,349
Stewart Priscilla,302
Umney Gil,1286
Olivier Naomi,455
Lloyd Johnathan,1828
Windsor Christine,1878
Clifford Javier,717
Thompson Sadie,1117
Reading Catherine,1546
Clark Dakota,1356
Stark Alexander,1431
Tate Mike,1422
Holmes Bart,1780
Williams Tony,1492
Allwood Rick,705
Fleming Ethan,1326
Flanders Benjamin,672
Locke Carter,21
Moore Sylvia,1816
Button Grace,289
Thomas Florence,432
Purvis Russel,88
Simpson Tom,963
Evans Aiden,1831
Swift Quinn,925
Weatcroft Sara,369
London Gemma,171
Ventura Harry,293
Stuart Eduardo,1462
Bishop Elle,1748
Bailey Kieth,178
Todd Alex,1883
Allcott Clint,1950
Allen Nate,1934
Varndell Lara,1303
Shepherd Isabel,234
Gallacher Martin,1441
Gunn Catherine,868
Gibson Lillian,433
Noon Janice,770
Uttridge George,288
Gardner Lauren,668
Cobb Angela,202
Middleton Kimberly,1358
Thomas Samara,148
Corbett Chris,1531
Rivers Courtney,24
Ross Evie,195
Walsh Isabel,790
Redfern Taylor,1369
Swan Oliver,967
Ryan Manuel,1740
Thorne Miley,1152
Graves Ruth,214
Baxter Bryon,1262
Eddison Alan,1973
Vincent Lexi,1149
Stuart Hayden,1680
Campbell Janelle,1012
Dann Ronald,540
Holmes Peter,725
Strong Elisabeth,1246
Russel Brad,35
Stone Denis,677
Myatt Gabriel,1719
Emmott Ramon,136
Victor David,1500
Glass Oliver,247
Power Lucas,1869
Boyle Eduardo,1037
Gosling Cherish,1098
Hobson Liam,1393
Bristow Lana,1771
Rainford Maggie,1874
Andrews Aiden,1632
Gordon Christine,710
Rainford Vanessa,1815
Holmes Barney,384
King Elijah,1368
Ellwood Candace,33
Hill Aiden,1106
Heaton Marvin,1292
Gaynor Colleen,1678
Dwyer Georgia,317
Wise Harvey,114
Alcroft Bryon,700
Vangness Elijah,939
Palmer Gladys,971
Osmond Chad,852
Lambert Julian,20
Cooper Logan,1786
Edler Norah,1132
Brett Nick,678
Kidd Molly,804
Johnson Eileen,763
Flynn Mayleen,1618
Walsh Mark,1800
Brennan Chester,751
Potts Makenzie,84
Murphy Russel,662
Collins Selena,1785
Ellison Hayden,1461
Hardwick Nate,1722
Keys Melinda,646
Grant Analise,737
Tyrrell Emmanuelle,1128
Glynn Alessandra,1618
Janes Daria,1278
Wood Tom,1759
Tyler Ramon,410
Fox Logan,1237
Clarke Michelle,1453
Thorne Abbey,287
Spencer Mina,1048
Niles Julia,1464
Wren Elle,1469
Hunter Gwen,469
Irving Darlene,121
Taylor Hanna,773
Coates Caitlyn,1198
Khan Aiden,34
Huggins Tyson,1204
Lynn Marvin,1894
Torres Janelle,1201
Rivers Rocco,401
Ainsworth Dalia,1404
Wright Carl,389
Collins Hazel,916
Bentley Marvin,1308
Adams George,1372
Stark Chuck,1951
Devonport Elisabeth,1518
Terry Eve,36
Yang Camellia,638
Ellis Ruth,155
Kelly Wade,541
Stewart Joy,824
Murray Estrella,1254
Seymour Daniel,1098
Stewart Peyton,190
Rycroft Hank,536
Hill Julia,1949
Ring Chad,1547
John Danny,107
Rose Ramon,1576
Whatson Owen,1311
Smith Rowan,641
Kelly Lynn,1718
Emerson Barry,1228
Wilkinson Henry,1173
Ryan Chris,569
Porter Lexi,111
Wild Rihanna,1185
Wills Rosemary,51
Eaton Hadley,46
Groves Lana,1985
Price Barry,1810
Bloom Marie,776
James David,568
Avery Matthew,1622
Poole Leslie,1350
Kaur Chris,238
Hall Mabel,1038
Richardson Mason,5
Gordon Chris,662
Russel Kurt,686
Samuel Maggie,1956
Simpson Angel,713
Ranks Barney,972
Moran Rosemary,744
Flack Kamila,131
Edwards Miriam,1144
Corbett Ethan,1699
Goodman Abdul,1189
Amstead Skylar,1822
King Mike,462
Andersson Jules,756
Crawford Elijah,688
Huggins Fiona,1909
Roscoe Marvin,738
Ashwell Leroy,468
Ingram Peter,750
Owen Manuel,497
Murray Noah,1175
Thompson Scarlett,1315
Vangness Liliana,1092
Waterhouse Chloe,1544
Clarke Louise,1804
Bradshaw Sara,139
West Havana,1364
Thornton Joseph,927
Adams Alma,1749
Turner Owen,369
Vaughan Rick,1883
Vallory Nate,1942
Rose Valerie,1630
Miller Manuel,989
Coll Dalia,1527
Ballard Willow,795
Jordan Jocelyn,1864
Dixon Destiny,1056
Bell Julian,1815
Lucas Josephine,1102
Yang Peter,722
Stubbs Celia,766
Cartwright Lexi,728
Lane Cherish,618
Donovan Victoria,1273
Hill Meredith,932
Spencer Ilona,1562
Widdows Phillip,1706
Lucas Diane,1160
Farrant Megan,1103
Wilcox Elly,1057
Pitt Barry,571
Drew Colleen,1238
Snell Moira,1600
Grant Vanessa,973
Allen Cara,335
Villiger Harvey,1074
Purvis Noah,1326
Oatway Taylor,1317
Cooper Doug,1855
Becker Javier,1625
Nurton Marjorie,1808
Kennedy Marla,788
Yates Brad,194
Funnell Parker,230
Burnley Cassandra,94
Stone  Owen,866
Bentley Barry,1816
Rothwell Gabriel,1851
Keys Fiona,415
Holmes Harvey,1137
Freeburn Phillip,450
Thorpe Aleksandra,1865
Harvey Bob,1571
Harrington Daron,1167
Bloom Evelynn,635
Kennedy Denny,1410
Russel Carl,663
Lloyd Mackenzie,974
James Elena,1975
Simmons Drew,1870
Coates Macy,388
Crawley Caleb,1705
Davies Sienna,1553
Morris Gabriel,304
Brock Aiden,604
Davies Clint,1304
Brett Brooklyn,21
Phillips Vicky,1962
Eddison Emmanuelle,523
Truscott Iris,970
Wright Sloane,1534
Gaynor Alan,714
Grady Rocco,1475
Palmer Sydney,1533
Eaton Harry,1440
Nelson Isabella,1426
Ring Claire,1045
Stewart Ryan,13
Baker Rowan,1817
Davies Lara,256
Stark Owen,1978
Saunders Gina,1599
Ross Shannon,90
Durrant Ethan,603
Price Marie,875
Oliver Joseph,1204
Allwood Sara,1807
Lambert Luke,42
Edmonds Daniel,1482
Needham Barry,1207
Wright George,937
Summers Leanne,1593
Mason Clint,1544
Jarrett Sofie,180
Farmer Madelyn,1360
Redwood Drew,254
John Noah,195
Kaur Jack,1025
York Ron,611
Cann Bryon,1754
Uddin Gina,1635
Lee Parker,386
Harper Carter,1652
Butler Ethan,1208
Overson Matthew,1593
Devonport Melinda,821
Noach Taylor,668
Waterhouse Emma,1056
Weldon Emery,1012
Cassidy Hailey,166
Hunter Mavis,963
Neal Elijah,1664
Latham Makena,1483
Butler Sebastian,57
Edley Ally,674
Miller Lindsay,987
Gibson Livia,1211
Aldridge Rufus,1823
Appleton Blake,1841
Jacobs Karen,293
Speed Savannah,413
Butler Thea,351
Skinner Alba,895
Thomas Ema,486
Walsh Christy,216
Fenton Cameron,1136
Mccormick David,1752
Curtis Russel,847
Dallas Michael,1322
Hunter Henry,1432
Stubbs Cherish,1903
Wren Angela,352
Wheeler Sage,600
Rigg Phillip,386
Summers Anabelle,1821
Drummond Elisabeth,259
Snell Danny,1989
Nicholls Molly,165
Addis Chanelle,1102
Edley Chuck,1011
Archer Gil,1135
Bryson Rosalee,1898
Janes Johnathan,631
Mcnally Owen,598
Utterson Sage,1888
Dann Rosemary,1253
Brett David,1125
Corbett Dakota,639
Seymour Taylor,280
Sylvester Eduardo,1346
Osman Sofia,1119
Rivers Kate,65
Antcliff Manuel,857
Rodgers Marvin,1006
Poole Oliver,303
Kaur Holly,321
Judd Joseph,1860
Flanders Sebastian,34
Hopkinson Mark,1212
Vallory Lucy,1775
Latham Jennifer,1401
Flett Kurt,1052
Rowan Peter,1231
Fowler Danielle,444
Stark Anthony,251
Gregory Brad,1439
Walton Bryon,143
Khan Wade,1927
Vernon Percy,1965
Murphy Bethany,588
Tennant Nicole,1722
Noon Nicole,616
Latham Mayleen,1405
Dann Carrie,1896
Gardner Jazmin,815
Maxwell Samara,896
Payne Janice,730
Wood Carl,1502
Greenwood Angelica,178
Hill Julius,1033
London Sebastian,1345
Walsh Dorothy,602
Smith Hank,945
Payne Jaylene,1707
Palmer Hank,1051
Bryant Owen,385
Brock Robyn,194
Griffiths Harriet,780
Yarlett Vera,1886
Farrow Rick,290
Benson Rebecca,979
Lewin Kenzie,302
Powell Anabelle,1300
Morris Camden,653
Hardwick Boris,1766
Blythe Denis,1338
Veale Bob,1130
Ashley Melody,669
Watson Wade,627
Truscott Lauren,567
Douglas Joseph,1520
Saunders Doris,1543
Crawford George,871
Garcia Marla,369
Pearce Carl,1321
Rogers Kenzie,1925
Holt Abdul,347
Lane Eileen,455
Bradshaw Aurelia,1172
Anderson Susan,423
Forester Julian,1635
Walker Carolyn,309
Quinton Marvin,1612
Pierce Gwenyth,430
Wise Jack,1056
Noach Alexander,1921
Henderson Carl,1859
Allington Rocco,159
Jefferson Andie,697
Denton Marvin,780
Irving Hailey,1779
Yard Camden,467
Addis Denis,1119
Mills Rocco,1249
Moran Oliver,971
Shelton Vera,608
Latham Dasha,244
Allwood Karla,816
Watson Ethan,1546
Miller Wade,91
Underhill Catherine,1557
Hale Mona,820
Drew Luke,200
Adler Ryan,653
Whitehouse Ron,1324
Duvall Camden,931
Carter Marina,1208
Hamilton Luke,1962
Abbey Erin,1837
Reese Valentina,1890
Button Estrella,1251
Edler Cynthia,1978
Hunt Mason,1436
Fox Eileen,135
Crawford Sasha,1598
Gordon Anabel,75
Ellwood Carrie,328
Newman Adalie,750
Reese Lynn,787
Andrews Ally,527
Foxley Sofie,560
Mooney Danny,1932
Coates Alexa,398
Hale Logan,1626
Vallins Martin,1924
Addison Ron,1608
Clarke Mark,1089
Norton Gabriel,257
Robe Robyn,878
Walsh Phillip,591
Fenton Ryan,67
Bowen Piper,296
Johnson Kieth,83
Gilmour Madelyn,473
Denton Jacob,178
Ralph Tyson,28
Drake Bernadette,934
Nobbs Carl,801
Denton Alan,174
Matthews Chadwick,310
Bryson Lucas,670
Grady Hank,21
Potts Maxwell,707
Styles Cedrick,1133
Pearson Samara,694
Long Carter,1995
Russell Johnathan,1207
Roberts Stacy,1205
Everett Danny,498
Glynn Tyson,524
Lloyd Bart,834
Rehman Stephanie,1550
Aldridge Noah,773
Moore Melinda,1889
Bentley Leroy,1985
Rogers Tony,1864
Mason Nina,802
Stanley Erick,181
Kent Chad,1179
Mccormick Robyn,624
Dixon Daphne,412
Grey Matthew,1904
Oakley Agnes,722
Carter Grace,635
Farrow Irene,723
Lindop Daniel,1589
Mitchell Leroy,676
Rowan Angelica,1446
Sawyer Shay,729
Morris Denny,1223
Kaur Mason,210
Wills Leroy,1387
Campbell Phillip,569
Stewart Carter,878
Mcgregor Callie,1524
Robinson Jacob,1660
Redfern Ronald,1795
Cadman Vicky,7
Stevenson Clint,1913
Clarke Javier,840
Abbey Mike,896
Wilson Percy,1344
Kennedy Karla,110
Stanton Doug,884
Walton Mabel,657
Murray Marissa,1878
Edley Marjorie,634
Morrison Sofia,411
Ward Hadley,171
Wooldridge Christy,1890
Pratt Kirsten,1039
Walton Lillian,344
Duvall Noah,1733
Hooper Priscilla,420
Hobson Barry,1193
Pond Rufus,96
Nobbs Manuel,1330
Thomas Belinda,246
Jarrett Cherish,211
Camden Georgia,786
Janes Wendy,198
Radcliffe Mark,715
Parker Anthony,1530
Parker Rihanna,757
Whatson Evie,219
Bingham Enoch,896
Fowler Rick,1923
Thomas Lauren,423
Harper Chadwick,779
Wood Ramon,282
Ingham Sara,814
Russell Phoebe,541
Potter John,1276
Bryant Lucas,973
Ryan Juliet,566
Henderson Marla,128
Davies Harry,1783
Samuel Benny,857
Gray Zara,969
Judd Caleb,371
White Jocelyn,1843
Steer Erick,1189
Boyle Skylar,532
Weldon Josh,1043
Adler Cara,345
Freeburn Owen,1860
Thatcher Mike,62
Uddin Sadie,402
Jackson Marina,1831
Dixon Sadie,300
Chester Camellia,1503
Swan Bree,298
Upsdell Phillip,730
Murray Sara,1713
Whittle Samantha,1515
Evans Katelyn,976
Myatt Daria,1764
Beal Taylor,179
Cooper Sonya,922
Hood Jolene,1797
Lee Michael,1166
Dowson Thea,1318
Richardson Wade,1659
Graham Alexander,324
Collins Bryon,765
Vallins Freya,1035
Mcneill Javier,412
Newton Harvey,1603
Calderwood Hayden,1347
Powell Sharon,635
Russell Eduardo,1476
Saunders Gil,994
Duvall Lauren,93
Pearce Paula,1941
Hastings Leroy,1424
Fowler Meredith,1372
Tate Audrey,405
Ralph Brooklyn,61
Utterson Sydney,920
Gardner Abdul,1504
Jackson Estrella,102
Larkin Sebastian,1607
Mitchell Molly,413
Young Lara,1695
Reynolds Michelle,658
Wild Christy,13
Haines Brad,1068
Brown Marina,1323
Robertson Jocelyn,525
Patel Javier,922
Bristow Vanessa,187
Harris Maribel,551
Cartwright Taylor,1621
Long Caitlyn,1266
Rust Noah,1636
Vernon Ronald,1177
Benfield Tom,1874
King David,1139
Vaughn Chester,855
Roberts Fiona,840
Roberts Irene,1781
Steer Michael,1633
Price Shay,1433
Keys Nancy,919
Wood Hank,80
Davies Wendy,1018
Whatson Julian,146
Ventura Kieth,1186
Whitehouse Carina,1021
Dwyer Blake,1620
Owens Roger,1406
Martin Kieth,1488
Bayliss Abdul,1994
Larsen Owen,925
Evans Roger,295
Gaynor Jacqueline,1252
Walker Carter,180
Todd Owen,1096
Gavin Juliet,1280
Whittle Benny,835
Clark Ramon,1174
Robe Jayden,1199
Nayler Rufus,845
Zaoui Jack,1425
Thompson Percy,724
Vincent David,1278
Mullins Stella,1868
Grant Cedrick,1436
Lane Daron,797
Emmett Javier,1173
Jackson Mackenzie,805
Ventura Clint,1147
Fall William,211
Patel Anthony,1881
Watt Meredith,495
Janes Jessica,1669
Whinter Harry,719
Yarlett Vanessa,1311
Norburn Gina,284
Mooney Chanelle,1653
Evans Aileen,398
Neville Michael,1256
Avery Marjorie,276
Camden George,1894
Drew Tyler,305
Redwood Chelsea,1810
Ranks Sienna,1277
Moore Adela,353
Connor George,1286
Power Candace,1104
Horton Anabelle,1580
Kirby Elisabeth,761
Rogan Miley,481
Simpson Maxwell,1074
Kirby Josephine,1166
Tyrrell Aiden,1809
Devonport Rowan,1398
Mann Logan,5
King Daniel,1329
Townend Jasmine,1650
Shields Evelynn,44
Brett Meredith,205
Bennett Ivy,538
Emmott Destiny,657
Selby Winnie,334
West Matt,140
Pierce Johnathan,267
Summers Agnes,685
Zaoui Hope,1109
Ebbs Gwen,61
Brown Alexia,701
Talbot Vanessa,522
Walker Celina,1555
Bullock Analise,1177
Stanton Camila,1310
Wood Allison,1961
Hill Keira,633
Bennett Rhea,12
Wright Denny,427
Appleton Alexander,411
Poole Hadley,97
Rees Tyson,942
Rowe Elena,1322
Addison Angel,816
Pitt Freya,1816
Waterson Tyson,1846
Butler Barry,467
Jacobs Wade,1495
Nanton Gladys,1836
Tate Martin,1502
Uttley Roger,1962
Gordon Sabrina,96
Jarrett Mark,313
Dixon Russel,1880
Marshall Luna,318
Gilbert Cameron,446
James Karen,1364
Riley Crystal,996
Fisher Ronald,1293
Long Tyler,184
Yard Peyton,1838
Glass Lana,1665
Reid Piper,1870
Osmond Samantha,1419
Norris Sarah,957
Janes Noemi,490
Rigg Logan,1405
Moore Cecilia,1142
Brown Ronald,1731
Stewart Rufus,1120
Duvall Ema,1698
Pope Chloe,179
Lewis Marvin,1938
Speed Ryan,1599
Willis Doris,1838
Collingwood Daniel,45
Russel Winnie,862
Cavanagh Madison,1629
Neville Amelia,882
Patel Domenic,966
Ingham Skylar,1246
Johnson Chris,1299
Craig William,1962
Rogers Rhea,435
Gordon Charlotte,1036
Mason Chloe,62
Pratt Tiffany,599
Tailor Mark,690
Stevens Dakota,1965
Nanton Summer,1218
Milner Renee,523
Stewart Joyce,1530
Holt Parker,1351
Vollans Eduardo,1981
Slater Henry,659
Poulton Oliver,1460
Walter Tania,1651
Dowson Mark,1732
Whitehouse Mason,975
Thornton Barry,1575
Tanner Rae,1482
Scott Nancy,1436
Bingham Savannah,268
Rust Bernadette,1345
Wilcox Denny,256
Reading Lindsay,1235
Simmons Elijah,1800
Clarkson Sabina,1046
Emmott Sloane,1347
Gibbons Maria,579
Spencer Valentina,192
Ralph Selena,873
Collins Gabriel,1587
Anderson Luke,1113
Beal Sofia,877
Lindsay Vera,625
Morgan George,1871
Andrews Rhea,1203
Russell Molly,1407
Harper Benjamin,1691
Rehman Shannon,439
Stark Cassidy,980
Baldwin Dakota,1252
Carter Liam,1354
Oakley Fred,827
Notman Danny,1988
Overson Melanie,1893
Hunter Kenzie,219
Sheldon Mason,1280
Stevenson Cedrick,1627
Glass Gil,1983
Darcy Peter,1043
Oliver Michael,1298
Moss Lexi,118
Young Daron,1990
Andrews Eve,321
Sherry Parker,488
Graves Percy,1747
Warren Nate,1068
Vernon Johnny,926
Flett Lily,1946
Young Kieth,267
Cadman Ryan,121
Simpson Henry,990
Grey Alma,74
Snow Joseph,1895
Paterson Mike,430
Knight Luke,712
Dempsey Angelique,842
Gordon Kieth,178
Burge Trisha,319
Cox Cedrick,1927
Cavanagh Sasha,1483
Stevenson Darlene,1444
Samuel Jacob,1006
Dubois Quinn,1871
Donovan Hannah,282
Lewin Cadence,889
Richardson Lorraine,41
Shaw Jayden,1092
Calderwood Molly,13
Spencer Bart,1774
Phillips Hayden,1981
Whitehouse Paige,1705
Appleton Cassandra,898
Bingham Rita,326
Mitchell Rocco,1998
Wright Barney,1933
Gordon Mya,1786
Pope Aiden,1050
Noach Naomi,1066
Ramsey Wendy,851
Pearce Bridget,1928
Waterhouse Sylvia,54
Tennant Judith,1249
Watson Ronald,551
Hood Russel,1257
Emerson Nick,1222
Murphy Katelyn,347
Saunders Sabina,936
Wood Gil,674
Robertson Noemi,1396
Mooney Natalie,309
Ulyatt Julius,253
Hope Emery,1806
Wheeler Marla,918
Summers Kurt,388
Bennett Candace,276
Judd Kurt,881
Appleton Marvin,198
Riley Shay,123
Plumb Hank,610
Bryson Shay,1682
Partridge Vanessa,935
Rossi Daria,1195
Fall Elena,498
Farmer Adela,109
Crawley Elena,667
Pitt Erin,960
Varley Chester,1546
Edwards Jack,811
Upton Hayden,808
Middleton Danny,768
Simpson Lily,833
Brooks Peyton,518
Lyon Alan,1028
Dempsey Caydence,129
Bowen Parker,272
Osmond Leroy,1699
Thorne Wade,1607
Doherty Marina,1488
Oakley Emma,1246
Kelly Hayden,510
Simpson Raquel,434
Dixon Christine,364
Graham Josephine,791
Styles Tom,1863
Jefferson Olivia,1765
Bright Roger,278
Whitehouse Chuck,507
Brett Benjamin,377
Rust Abdul,1085
Pickard Harry,1558
Vaughn Chad,743
Lomax Tess,1947
Windsor Anais,1064
Jobson Jazmin,1890
Hunter Rosalee,1531
Johnson Brad,621
Lewis Rufus,30
Antcliff Elijah,529
Archer Luna,1325
Vernon Michael,1411
Walsh Jack,1861
Kirby Chuck,1814
Allwood Jenna,236
Ingram Clarissa,396
Vass Hank,999
Phillips Ethan,833
Russell Barry,565
Reyes Stella,203
Nanton Ellen,1897
Turner Logan,189
Varley Bob,1967
Anderson Vanessa,976
Isaac Josh,1690
Farmer Johnathan,207
Chadwick Marvin,1321
Shields Allison,1183
Kelly Regina,1492
Chapman Shannon,903
Flack Jacob,808
Mason Matthew,1408
Thompson Natalie,186
Carter Ryan,59
Boyle Carissa,1366
Brooks Wade,874
Tait Lucy,90
Weasley Vivian,446
Richards Adalind,861
Lewis Anthony,1285
Murphy Belinda,295
Gray Rae,1469
Moore Chester,1955
Kidd Brad,1237
Wilson Quinn,411
Mooney Carmella,703
Wilkinson Lexi,1152
Nobbs Chadwick,590
Connell Lucas,1499
Nicolas Carter,1507
Ashwell Rosalee,37
Greenwood Nick,81
Groves George,1463
Bowen Logan,1152
Reading Makenzie,1110
Benson Bethany,1807
Carson Makenzie,573
Rogers Clint,1601
Sinclair Ema,1325
Snell Gabriel,864
Bennett Phoebe,283
Jeffery John,346
Ingram Elle,1251
Judd Tiffany,698
Coleman Chadwick,933
Dickson Martin,1306
Stone Julian,1010
Santos Liam,244
Fleming Moira,1869
Rehman Nicholas,55
Sheldon Domenic,1147
Underhill Samara,1279
Owen Hank,1228
Pearson Alexander,644
Stone Chuck,1667
Bell John,1939
Rowe Gwen,782
Wright Angelina,1418
Denton Bree,1433
Hewitt Carissa,541
Niles Cameron,806
Torres Alexander,1783
Collingwood Melody,1687
Emerson Carissa,1645
Hammond Rose,1354
James Aisha,437
Gaynor Alexander,1907
Blythe Michael,1004
Connor Kimberly,1654
Kerr Wade,1407
Palmer Harry,1151
Grey Celia,595
Mccall Penelope,710
Long George,1156
Martin Caitlyn,537
Chapman Dorothy,1360
Ulyatt Rihanna,169
Cattell Evelynn,1488
Waterson Caitlyn,868
Yates Piper,1687
Oswald Mandy,1252
Mason Tyler,394
Emmott Alba,1555
Adams Josephine,286
Camden Eryn,890
Abbot Cynthia,1846
Jones Marilyn,1077
Carter Mike,6
Kidd Olivia,1759
Olson Ron,15
Cooper Brooklyn,666
Eyres Maya,469
Nelson Chadwick,1761
Thompson Bridget,1450
Samuel Alan,1300
Lomax Lucas,74
Glass Mark,807
Robinson Ronald,976
Gavin Martin,1380
Devonport Danny,1026
Uddin Bethany,552
Rowan Adina,37
Parker Matt,655
Utterson Elle,600
Underhill Clarissa,300
Ellery Ramon,443
Vollans Goldie,1995
Yang Alex,1026
Bailey Elly,205
Owens John,1205
Morrow Lauren,525
Bristow Tony,451
Turner Dasha,22
Hopkins Brooklyn,1409
Rixon Abdul,1768
Noon Hank,426
Payne Barry,1271
Thomas Johnathan,934
Brooks Olivia,609
Maxwell Alexander,1676
Andrews Cameron,1001
Moore Kieth,1114
Rogan Javier,1821
Ashwell Bryon,1608
Blackwall Margot,1758
Ingham Lynn,1033
Parker Christine,581
Parker Nicholas,435
Callan Leah,1714
Cork Ema,705
Atkinson Paula,174
Slater Margot,436
Holmes Sharon,1729
Wilkinson Nathan,480
Glynn Hayden,1480
Haines Winnie,332
Tait Alison,883
Osmond Enoch,812
Alexander Melody,1593
Strong Morgan,1690
Crawford Lucas,1869
Darcy Naomi,1796
Grey Peter,1886
Huggins Iris,1609
Groves Jayden,1541
Greenwood Maggie,822
Salt Celina,1756
Walker Logan,894
Wade Barry,467
Lucas Joseph,695
Truscott Emmanuelle,689
Abbot Logan,1131
Rosenbloom Manuel,1945
Rodgers Percy,1735
Grady Morgan,1211
Vane Daron,1917
Shelton Evelynn,1590
Vallory Martha,331
Stubbs Luke,1148
Parker Lucas,607
Fleming Alba,49
James Eve,511
Watt Gabriel,634
Jordan Bernadette,1273
Strong Gabriel,1962
Ellis Caydence,206
Cork Bart,1419
Oswald Aeris,1177
Owen Nathan,1274
Whittle Wade,1407
Wood Josh,1094
Poulton Hank,1556
Dubois Mya,1644
Woods Lucy,853
Exton Davina,95
Glynn Owen,739
Hobbs Sofia,962
Brown Kieth,1123
Jackson Sydney,1541
King Luke,1766
Vinton Juliet,1657
Whittle Wendy,324
Bishop Julius,1354
Lowe Tony,281
Addison Dani,500
Haines Payton,811
Mcnally Rita,548
Jarvis Caleb,1658
Webster Michael,600
Samuel Diane,1909
Purvis Percy,1601
Flett Alan,1070
Irving Matt,778
Varndell Ivette,1588
Bradshaw Andie,1294
Oliver Melinda,18
Cavanagh Lucy,504
Booth Piper,1887
Stewart Sienna,1759
Donovan Anabelle,952
Bryant Gloria,114
Ross Matt,757
Dale Bart,1566
Waterson Courtney,1449
Gilmour Summer,1819
Simpson Noah,702
Latham Tyson,929
Hopkins Elijah,70
Mcneill Fred,1204
Carter Carla,616
Osman Rick,1754
King Javier,100
Gregory Morgan,977
Benfield Stacy,1899
Collingwood Denny,557
Simpson Matt,178
Baker Grace,429
Swift Maddison,1286
Richardson Gil,869
Hastings Eden,1162
Franks Cedrick,556
Vernon Natalie,155
Matthews Jolene,1788
Penn Oliver,591
Kent Anais,1547
Lunt Manuel,796
Lynch Bart,1603
Yarwood Ryan,1284
Potter Mina,648
Kennedy Jennifer,1677
Warren Melania,859
Patel George,120
Potter Danny,1701
Neville Jack,1897
Knight Jayden,1186
Gray Luke,831
Nanton Julian,625
Blackburn Martin,1989
Edwards Eduardo,506
Bright Chester,1578
Saunders Karla,1786
Garcia Nicole,766
Mcleod Morgan,330
Dixon Doris,914
Williams Sebastian,1905
Vangness Alison,335
Haines Carmella,430
Lowe Nicole,196
Ingham Aileen,1364
Donnelly Brad,920
Morley Grace,1154
John Michael,880
Weasley Mavis,964
Bennett Nicholas,703
Driscoll Beatrice,899
Thompson Bob,323
Rose Rocco,1904
Whitehouse Jack,1928
Dubois Oliver,281
Griffiths Isla,1319
Brooks Cedrick,738
Dillon Daniel,272
Griffiths Joseph,1675
Kidd Alma,1250
Moore Roger,1558
Russell Johnathan,1654
May Barry,804
Varndell Henry,907
Campbell Jayden,1669
Ralph Joseph,66
Walter Abdul,215
Shaw Rihanna,914
Cassidy Bryon,926
Cartwright Colleen,1140
Duvall Jaylene,1209
Nelson Bob,38
Redfern Bryon,1318
Rosenbloom Kurt,1285
Mccall Wendy,1912
Price Barney,909
Oakley Matt,1247
James Gina,1188
Oliver Mark,1510
Jordan Kurt,552
Alexander Luna,879
Amstead Helen,1637
Rixon Lorraine,672
Cox Dakota,1906
Radcliffe Ronald,970
Jefferson Macy,1903
Warden Keira,1610
Vaughn Kurt,1824
Vane Erick,166
Edley Maxwell,112
Patel Chad,288
Garcia Ron,63
Devonport Amy,1957
Mills Mike,485
Stanton Elijah,1028
Robertson Scarlett,271
Knight Alba,399
Atkinson Bethany,661
Miller Mason,586
Nurton Matthew,1016
Oswald Rocco,1839
Locke Abdul,1918
Pearson Marjorie,903
Wright Roger,1387
Ellis Leroy,1436
Osmond Stephanie,633
Clarkson Janice,390
Vaughan Enoch,1045
Harrison Chad,867
Noon Violet,147
Farrow Brad,1393
Thompson Hannah,1971
Exton Owen,315
Stevens Manuel,1170
Rogers Chris,1652
Bryant Nicholas,886
Noach Oliver,1500
Snell Molly,27
Lowe Kieth,1088
Rivers Shay,1947
Curtis Aisha,1350
Gosling Boris,1648
Radcliffe Mason,1571
Nurton Benny,298
Harper Bethany,279
Owens Sydney,436
Olivier Olivia,1223
Thorpe Jacob,1368
Nelson Rosemary,370
Lakey Harry,331
Lucas Noah,736
Cadman Violet,808
Thatcher Angelina,779
Gates Percy,851
Huggins Savannah,423
Alldridge Kurt,1073
Saunders Victoria,1271
Franks Karen,310
Bowen Liam,155
Ranks Alan,1930
Ellis Kieth,366
Simpson Cassidy,594
