name,phone_number,confectionery_id
Noach Bryon,7-378-347-6581,298
Ellis Ellen,8-437-655-7322,680
Vince Fred,8-652-277-6572,865
Williams Colleen,8-471-126-7373,939
Walter Chester,1-437-835-3522,1490
Lindsay Juliette,1-273-265-3353,1912
Lindop Paula,3-383-671-5164,145
Dobson Kirsten,4-867-626-1444,196
Kelly Ron,4-387-776-4361,1385
Graham Clarissa,6-434-232-4666,584
Morrison Zara,6-133-311-4116,1070
Norman Julius,4-746-616-5132,1862
Bell Carl,4-241-884-4475,1947
Edwards Ruby,7-728-288-8228,861
Wade Maddison,2-738-541-3261,720
Lane Abbey,1-435-536-3725,632
Simpson Aleksandra,5-243-565-3616,980
Adams Dorothy,5-811-152-5574,1056
Roscoe Zoe,2-843-278-5345,382
Morgan Logan,7-715-653-2744,1253
Higgs Sharon,2-156-871-6145,814
Lakey Jacqueline,3-516-855-8147,1560
Potter Remy,2-881-246-8617,163
Patel Carissa,2-543-275-2656,87
Edler Regina,1-483-254-6416,1373
Jackson Carissa,5-578-333-3585,1475
Allcott Erica,4-166-132-5157,1689
Vinton Rufus,2-355-123-6176,361
Cox Rose,8-228-551-6674,1909
Warner Melinda,4-211-732-6442,927
Hilton Katelyn,2-734-565-2681,1247
Fox Marla,2-425-342-2536,794
Buckley Chelsea,1-474-556-4777,151
Armstrong Julian,6-286-262-1578,1145
Hewitt Noah,2-752-767-5214,196
Stanley Nick,4-717-644-1368,600
Baker Martin,8-837-614-1317,1424
Edley Fred,5-641-324-8447,1330
Williams Doug,3-685-157-5148,1465
Bingham Manuel,7-645-127-1245,127
Todd Ema,4-253-627-2527,231
Wallace Domenic,4-625-612-6475,1105
Mccall Carrie,4-722-872-4168,841
Sanchez Jayden,1-337-178-4762,1007
Norburn Daphne,6-128-688-3753,414
Reid Caydence,6-322-722-7165,890
Richards Cristal,3-188-172-8631,128
Collis Drew,6-752-173-1784,571
Morrow Valerie,5-571-333-2774,866
Whatson Carol,1-652-178-2481,1970
Vincent Danielle,5-154-752-5854,1135
Edwards Madelyn,4-621-776-8246,658
Rainford Katelyn,3-132-247-1128,250
Appleton Cadence,2-287-437-1178,96
Stevens Carl,2-646-332-5125,1144
Wooldridge Tom,6-135-344-6684,26
Tobin Nate,4-418-826-8448,1371
Appleton Belinda,7-621-276-8767,100
Roscoe Erick,3-827-724-2868,104
Rogan Jaylene,6-517-277-2256,1067
Oldfield Macy,2-135-285-1853,1058
Russel Nicholas,7-774-821-7514,1503
Edler David,6-287-577-3832,1108
Lee Denis,3-677-677-8311,460
Fox Matthew,2-477-816-4648,898
Huggins Samantha,6-857-768-2528,590
Lucas Shannon,5-172-177-3366,524
Watt Madison,4-875-426-8713,464
Cameron Ember,7-162-776-5187,1259
Quinnell Tony,4-787-785-1438,405
Durrant Angelina,5-473-856-8576,795
Welsch Erica,5-486-553-5613,30
Waterson Josh,6-633-447-8257,1730
Rowan Roger,5-748-753-3622,1945
Clifford Maribel,5-485-211-4226,916
Campbell Julius,6-856-556-3133,775
Farrow Alan,4-775-848-7614,559
Moran Tony,1-521-423-4618,164
Attwood Manuel,6-348-676-2237,394
Ross Tyler,3-458-362-6611,875
Gordon Julia,3-147-428-2134,847
Dixon Madelyn,1-475-755-8114,1413
Alcroft Mason,4-562-876-1283,475
Button Liam,3-281-856-5647,281
Bowen Jade,4-224-876-7773,807
Lewin Sadie,3-822-737-5817,122
Burnley Aurelia,6-233-528-2715,695
Wheeler Esmeralda,2-172-278-3866,1284
Dyson Chester,6-726-111-3233,1704
Duvall Maxwell,8-623-862-7426,1819
Olivier Maria,4-675-372-3351,1549
Vincent Tom,8-537-684-8445,1976
Flanders Dalia,2-763-751-7636,705
Holmes Gladys,8-475-326-5881,1590
Nobbs Kurt,7-478-431-4148,1387
Hill Ronald,5-525-512-2315,408
White Abdul,7-568-535-8347,43
Huggins Jayden,5-228-355-7566,491
Wild Hayden,1-313-641-5861,1111
Ross Joseph,1-318-541-8822,1554
Ventura Skylar,1-815-348-4485,1106
Bryson Monica,8-767-642-5341,949
Bloom Vera,5-831-624-3732,1707
Latham Robyn,7-766-231-2548,607
Wade Josephine,8-748-352-2415,1027
Eaton Clint,5-553-636-4725,1444
Scott Gladys,7-634-334-6746,1141
Stanton Kamila,7-261-847-5482,792
Whitmore Mike,7-456-372-4221,1661
Rehman Ronald,6-472-431-6641,263
Palmer Charlize,8-888-628-5375,1551
Jones Manuel,5-874-375-3447,1306
Victor Hank,6-381-218-7276,1698
Stone  Logan,5-487-713-5243,1180
Allen Rocco,5-142-127-4666,341
Cowan Angelica,8-185-837-1413,1620
Greenwood Hayden,5-433-264-3356,32
Alldridge Alan,8-686-435-8557,133
Glass Julian,4-277-228-3484,1429
Grady Alan,3-582-168-1258,898
Kidd Chadwick,5-435-252-4811,824
Yates Bart,5-783-232-7815,212
Patel Leroy,7-251-384-2761,203
Briggs William,2-432-114-3514,1205
Bright Miriam,4-526-288-4412,1245
Davies Bernadette,2-268-817-5223,1651
Brock Carter,3-172-357-3823,1980
Russell Candace,4-365-828-4555,56
Lomax Eduardo,1-844-617-8453,1713
Rigg George,2-843-682-3164,1361
Bayliss Owen,5-778-135-4376,854
Moore Anabelle,4-158-465-6788,1255
Moore Barry,4-526-851-7625,1102
Freeburn Zoe,5-733-341-3388,95
Mitchell Carl,6-152-412-5123,499
Kennedy Courtney,2-427-423-1573,653
Rehman Rosalee,4-175-558-8183,482
Kelly Doug,2-245-747-2584,1921
Morley Savannah,6-371-624-3222,1041
Dempsey Chester,8-875-617-4856,1867
Gosling Carl,5-851-214-2566,1890
Bolton Julius,8-633-141-5688,1812
Nash Gabriel,3-161-628-2514,1442
Sloan Cedrick,2-513-585-8564,839
Grant Emery,2-565-463-2641,1126
Parr Caitlyn,6-767-747-5116,355
Simmons Chester,7-813-871-7437,678
Casey Russel,4-867-866-1283,1923
Gaynor Boris,4-274-614-4376,27
Simpson Ramon,1-475-674-3441,1766
Martin Chanelle,8-336-765-8248,1086
Gregory Alan,6-452-882-1788,1825
Hardwick Benny,2-485-736-5634,958
Nicholls Anne,2-122-753-7477,519
Rixon Paula,7-285-245-8288,1762
Hilton Luke,4-581-786-1387,1465
Alexander David,1-288-525-1136,311
Devonport Enoch,6-571-423-4881,365
Parker Daron,6-121-778-8327,962
Abbot Roger,7-765-337-4376,1633
Howard Camila,1-146-551-7516,1155
Douglas Christy,7-457-234-1387,1243
Collis Leilani,8-187-271-2347,1826
Flanders Michael,7-357-132-1725,1906
Holmes Mason,1-254-165-6776,472
Evans Christine,3-357-251-1276,1761
Townend Angelica,7-146-453-6472,1378
Jobson Lucas,1-864-834-3528,394
Stevens Jacob,7-412-867-6871,1116
Collins Aleksandra,7-316-662-6724,1497
Edwards Michael,3-711-866-5163,645
Garner Belinda,7-335-352-6866,1526
Clark Camila,8-824-525-1132,1543
Leslie Leanne,4-328-424-2282,222
Andrews Sasha,8-455-732-4152,365
Anderson Leah,7-265-235-3434,1459
Tate Nate,1-467-472-4212,1870
Ellis Sasha,1-281-214-5283,73
Everett Johnny,5-286-575-4835,1334
Woodley Aleksandra,4-412-327-8336,1874
Harvey Makenzie,6-138-518-4754,1535
Appleton Caleb,3-812-578-7817,443
Villiger Harvey,7-168-554-5884,42
Eddison Harvey,4-736-877-3327,529
Neville Shelby,7-218-642-1118,699
Wright William,7-621-688-8411,1444
Stewart Hayden,2-171-138-3133,1580
Oliver Doug,4-513-312-2178,477
Widdows Angel,6-742-785-2277,956
Stone Chadwick,1-634-546-8371,1681
Graves Rylee,1-333-544-1817,852
Randall Aiden,5-147-728-1321,1769
Hamilton Kamila,1-881-752-6286,1231
Fulton Angelina,1-747-313-8481,545
Ellery Adeline,5-362-185-7784,644
Harvey Tyler,5-665-224-2866,24
Herbert Winnie,2-255-348-1374,185
Wilcox Nancy,6-114-345-4831,148
Russell Chadwick,8-161-726-6466,1078
Whinter Sofia,1-741-868-1736,1501
Hudson Megan,3-251-744-5161,673
Warden Adeline,7-352-336-6668,136
Yates Kendra,4-143-351-3836,420
Redfern Noah,3-433-432-5886,841
Nanton Bree,3-578-388-3487,1927
Harvey Benjamin,1-347-457-5373,1005
Tobin Carina,2-211-814-4184,235
Jones Danielle,4-463-731-1835,181
Larsen Iris,4-486-668-6756,1821
Reid Kieth,4-826-387-2532,296
Kennedy Leanne,8-721-412-2684,1605
Warden Rhea,4-528-768-7716,569
Curtis Luna,4-784-686-3483,1381
Phillips Hannah,1-144-858-2871,1947
Vaughn Remy,6-681-468-4126,643
Vincent Madelyn,8-428-868-8485,1127
Reid Phillip,8-336-357-4222,1218
Marshall Maxwell,2-233-767-4127,1563
Farrow Chuck,1-874-341-1612,1864
Parker Emerald,1-562-632-6712,1921
Moreno Jack,7-332-237-8172,191
Newton Julius,6-763-121-3467,326
Hill Charlize,4-852-375-7542,1411
Knott Michael,2-541-333-7426,90
Garner Josephine,2-748-434-5871,44
Ulyatt Cedrick,5-487-436-8171,108
Mitchell Tiffany,7-623-342-7836,13
Plant Elijah,3-285-632-1284,1851
Mcguire Jayden,2-353-147-7553,1199
Andrews Johnathan,3-268-581-6336,1033
Cox Isabella,4-766-144-1265,830
Saunders Mina,6-254-523-5542,1212
Owen Russel,8-646-147-2537,198
Briggs Liv,4-668-648-6762,694
Plumb Liam,7-316-778-6887,1982
Ralph Sofia,1-635-848-2318,64
Moore Liam,1-686-458-7325,1837
Bennett Vicky,4-851-548-6448,120
Turner Gladys,7-361-721-3622,1742
Stone  Sylvia,5-124-515-5441,76
Marshall Rufus,4-225-422-7273,1176
Yarwood Lorraine,5-831-777-4172,1363
Edley Danny,1-512-686-4824,712
Lewin Quinn,4-671-727-4466,1547
Fox Alexia,5-814-675-5248,1017
Eyres Jack,4-767-358-2753,229
Norburn Angelique,2-566-643-5848,372
Griffiths Judith,6-451-271-4465,1541
Dixon Johnny,6-711-247-6212,479
Dunbar Denny,3-351-885-5322,173
Brett Gabriel,6-166-712-5447,1492
Bennett Matt,6-322-332-2832,520
Archer Henry,3-652-325-1432,1598
Olivier Carl,2-253-588-1664,1663
Smith Tess,7-453-122-1671,396
Carson Sharon,5-157-286-4424,1108
Donnelly Lindsay,3-876-462-7581,227
Thomas Bob,6-224-233-7272,1987
Rainford Martin,6-257-414-8443,670
Kelly Barney,7-687-523-4351,447
Lunt Stacy,6-168-375-2853,493
Asher Noah,8-371-841-3643,1573
Armstrong Christine,7-711-726-1533,1158
Devonport Sebastian,8-544-674-5876,1424
Flanders Zoe,1-315-652-6263,505
Moran Sara,7-184-463-7554,299
Parr Estrella,5-655-385-4666,1723
Warden Chadwick,5-272-166-6136,876
Asher Anabel,3-242-256-6563,1161
Adler Emerald,8-112-123-7237,114
Lewis Kassandra,5-143-354-1577,1090
Moreno Beatrice,2-483-463-4811,704
Carson Nate,5-238-222-8324,1925
Gilmore Sebastian,6-834-241-3872,1328
Edwards Mark,2-222-252-3351,832
Vaughn Anthony,6-716-311-7684,1866
Tailor Chuck,5-561-126-3154,1249
Preston Alexia,1-428-236-8822,868
Flett Morgan,6-723-847-6168,1164
Nurton Candace,4-174-816-5158,1409
Casey Denis,7-283-864-5872,1554
Farrant Chester,7-671-615-1478,511
Stone Andie,6-172-876-5121,891
Oliver Tess,2-537-727-5162,245
Malone Davina,4-278-118-8332,224
Roth Cadence,6-636-548-3877,1094
Yang Phillip,6-112-675-8653,1082
Palmer Marla,1-253-157-7854,1766
Coleman Maxwell,5-256-611-5371,1397
Gilmour Sebastian,8-173-668-4318,424
Noon Camden,8-684-121-3751,1059
Lomax Zoe,7-176-541-6345,1459
Bryant Norah,7-881-847-2118,1593
Groves Caitlyn,2-683-374-4178,37
Windsor Jacob,4-768-625-2551,1724
Stanley Johnathan,6-886-387-7314,1037
Pratt Ronald,4-326-611-1846,835
Haines Dorothy,8-763-181-7645,1979
Mackenzie Bryon,6-685-276-8165,1812
Booth Phillip,5-521-167-5213,937
Middleton William,1-715-785-6443,1672
Clifton Harry,1-151-717-3867,136
Nelson Mabel,3-158-577-4361,1674
Lewin Boris,7-175-137-4482,1006
Eyres Chuck,8-725-222-7272,1196
Evans Mike,2-252-872-1454,1296
Robe Dalia,3-554-626-1555,517
Irwin Juliet,6-616-618-1826,1607
Grady Boris,5-177-551-7655,206
Edley Erin,5-535-875-4333,1232
Edler Bart,4-817-844-7236,1635
Barrett Chester,8-735-525-2188,1398
Ryan Sharon,8-455-261-3681,1322
Yoman Alan,8-231-353-8677,1510
Gallacher Aileen,7-831-322-7848,945
Kennedy Sadie,5-477-174-4266,979
Bowen Nathan,8-156-113-1116,640
Scott Havana,1-522-338-2723,1133
Tobin George,6-314-588-8632,915
Ingram Daron,5-877-523-6418,1771
Malone Matthew,5-265-332-8152,1194
Underhill Marvin,8-234-647-3744,1384
Bradshaw Rae,1-248-787-2583,115
Oldfield Chad,5-673-275-3837,1735
Rivers Liam,6-544-482-6121,1903
West Paige,3-113-878-4374,1844
Butler Janelle,1-725-365-3744,1885
Anderson Andie,7-765-167-6216,413
Trent Bart,1-521-137-2366,1601
Calderwood Camila,7-333-862-1533,385
Butler Clint,4-456-477-5861,1219
Allwood Katelyn,8-476-248-8647,890
Moore Mike,1-767-232-5351,1416
Malone Emma,1-732-384-3315,933
Morley Margaret,4-162-528-6586,1666
Power Chester,7-547-312-4486,1024
Thorne Owen,8-336-288-1861,219
Thorpe Carmella,1-822-381-1853,1334
Thorpe Cedrick,6-688-135-6727,976
Dowson Brad,8-517-773-2467,524
Vass Tom,3-671-842-6334,431
Parker Alice,4-586-665-5414,869
Wigley Alexa,1-358-726-4277,1655
Farrell Denny,5-821-233-5427,257
Vincent Joy,1-641-226-4237,113
Tutton Liam,8-611-552-4187,1521
Ramsey Valentina,1-355-714-7228,864
Vane Domenic,2-455-311-2387,561
Drake Phoebe,4-571-344-3174,1719
Brooks Harry,1-266-642-4488,230
Lakey Colleen,7-267-746-8487,308
Fox Judith,2-237-755-5383,125
Uttley Dani,3-251-132-1224,349
Gonzales Chuck,3-665-667-4742,1196
Abbot Nick,3-382-555-4651,467
Robinson Domenic,4-374-664-7355,1530
Notman Liam,6-726-723-2246,435
Moore Vivian,4-684-887-8178,931
Garner Roger,7-667-731-4622,233
Brooks Lynn,4-476-177-4788,1558
Cartwright Hayden,6-751-685-2234,531
Eastwood Courtney,7-211-356-7428,596
Rowan Carter,5-857-545-5218,503
Hobbs Ilona,5-638-166-1531,1916
Coll Elly,6-523-647-3633,1323
Nurton Jack,3-137-621-8727,1938
Purvis Aiden,4-464-331-3627,838
Reid Sienna,1-881-885-3266,1328
Hamilton Jackeline,4-762-888-4613,1409
Parker Denis,7-438-288-7547,222
Holmes Mason,6-537-616-4681,953
Roberts Evelynn,3-863-823-4784,1858
Matthews Henry,7-461-474-7871,1896
Latham Rita,4-678-284-2743,165
Gibbons Alan,1-575-267-2588,145
Robertson Judith,3-647-461-2423,448
Hancock Tony,6-886-641-8846,1041
Quinton Aisha,7-661-256-6441,753
Reading Samara,4-154-281-1732,1475
Emmott Alexander,2-621-365-7451,641
Swift Carol,1-652-168-8747,1127
Lane Aileen,7-245-332-3218,463
Thomson Barry,5-481-242-3223,1662
Paterson Erica,1-514-678-1848,847
Hardwick Rylee,4-615-836-7455,1825
Watt Iris,4-856-831-6146,789
Benfield Denny,1-831-757-6724,1586
Daniells Rita,7-768-887-6173,55
Poulton Sebastian,8-611-566-1536,420
Griffiths Cassidy,5-478-576-1742,435
Ventura Rufus,5-755-376-5432,1403
Gardner Barry,7-825-372-8542,1195
Rose John,5-471-786-3267,1690
Chapman Denny,2-545-531-6863,1654
Jordan William,3-482-777-1731,1352
Kerr George,1-733-262-6114,1557
Addley Melinda,1-722-438-2753,785
Rothwell Adeline,5-173-644-6831,1588
Ross Callie,8-763-235-7421,1184
Groves Melania,3-535-448-6615,302
Reid Nate,5-214-546-3131,437
Forth Oliver,8-888-844-3681,430
Thorpe Benjamin,2-381-684-1156,617
Emmott Tara,2-652-162-3871,1740
Garner Harry,2-684-173-2464,1774
Weatcroft Monica,2-283-636-7288,26
Collis Ryan,1-154-383-7258,816
Clarkson Danny,6-376-688-1825,1780
Allcott Hank,6-287-633-4237,669
Davies Danny,8-544-352-4562,39
Vinton Jules,1-538-774-3733,1861
Curtis Liam,5-132-315-3255,1616
Eagle Aiden,3-614-338-7885,378
Dwyer Jackeline,6-416-116-4165,490
Woods Jayden,8-813-167-3156,443
Rees Winnie,7-823-716-7245,533
Selby Danny,1-745-851-3128,462
Niles Chadwick,7-323-761-7522,425
Reyes Jack,4-653-577-7327,1223
Milner Wendy,7-667-531-7818,1905
Ashwell Joseph,3-246-726-6551,984
Armstrong Lynn,1-875-345-1313,1811
Cann Benny,8-845-752-4272,146
Plumb Sadie,7-168-112-3137,194
Rogers Meredith,3-138-621-4347,937
Alexander Sonya,4-378-322-6256,1279
Brennan Kieth,5-286-516-2636,1313
Gordon Elijah,5-557-743-2231,803
Kaur Daniel,4-623-865-8226,352
Abbey Carrie,5-821-821-5452,1945
Jarvis Meredith,6-577-714-8551,1259
Higgs Rita,3-256-612-1474,198
Gallacher Johnathan,6-756-524-3651,1883
Walsh Karen,5-683-383-1644,1006
Windsor Marissa,8-628-731-6187,1795
Rogan Chloe,2-555-261-4573,1269
Moss Kendra,6-133-537-6654,48
Vince Lucas,1-411-378-6777,596
Redwood Jack,6-148-365-5524,1850
Exton Joseph,6-212-676-8836,777
Williams Jules,1-153-835-1865,1797
Potter Noah,8-271-162-5451,391
Kelly Carla,3-817-234-5141,180
John Elijah,8-221-455-5417,1198
Oliver Liam,2-843-357-6565,1203
Hancock Priscilla,5-113-581-5216,713
Stone Daron,6-372-226-7262,1003
Ashley Liam,8-884-465-7181,752
Graves Christy,2-283-827-5378,736
Cadman Melinda,3-423-273-2351,1054
Shaw Livia,7-455-485-3462,748
Olivier Alice,4-625-552-7177,1979
Roscoe Rocco,6-133-147-3257,482
Wellington Priscilla,4-658-243-1545,1349
Tyler Rick,8-155-111-3585,791
Bell Hayden,4-421-314-5543,1956
Gunn Domenic,7-445-566-2584,768
Camden Evelynn,1-316-125-3455,950
Bennett Lily,1-252-218-5426,461
Watson Mabel,6-468-318-1623,208
Dann Roger,2-687-727-6651,1560
Nelson Victoria,8-815-717-1762,221
Watson Brooklyn,8-843-883-7468,1484
Henderson Sebastian,3-352-238-4214,1323
Rivers Miriam,1-767-523-3556,275
Jefferson Emma,3-775-475-7751,1085
Pratt Renee,3-267-511-2718,107
Paterson Nick,2-342-668-5575,147
Craig Michael,6-888-354-8373,1171
Buckley Erica,7-414-361-1583,1172
Moore Ronald,1-282-412-1477,641
Fulton Russel,1-811-828-4775,1735
Yarlett Eduardo,1-383-715-7146,709
Leigh Eden,4-862-845-1171,1585
Lynn Alexander,2-714-744-7544,358
Roman Leroy,7-383-462-2254,636
Dillon Bryce,2-433-373-2611,192
Eddison Jack,2-647-168-7128,1376
Walker Phoebe,2-537-217-5244,83
Driscoll Callie,5-146-368-1313,1203
Farrow Lucas,2-333-846-3544,199
Richards Teagan,6-666-573-2662,1034
Forester Manuel,4-547-216-8277,1683
Nanton Irene,6-657-368-5558,339
Neal Boris,8-656-175-3248,1463
Thatcher Enoch,8-386-158-2424,1936
Attwood Bryon,8-134-813-2311,685
Page  Tara,8-466-553-8521,964
Reading Michael,7-617-584-8866,278
Spencer Marie,2-581-282-3676,309
Clarke Alex,5-376-243-5645,1058
Mccall Karen,4-525-854-8256,741
Cox Hayden,6-662-144-8458,5
Cowan Danny,4-427-418-2332,540
Lynch Logan,1-847-687-6151,1445
Bishop Bart,5-245-222-5677,929
Hunt Daniel,1-767-515-4875,1644
Lewis Faith,3-123-788-8147,662
Hastings Liam,4-471-428-8488,1504
Heaton Scarlett,3-832-462-1182,1704
Emerson Mya,6-641-411-1833,412
Blackburn Mike,2-434-181-6522,797
Bloom Chester,3-346-333-4343,1707
Strong David,5-473-775-3476,103
Radcliffe Maxwell,6-316-817-2147,1838
Benson Olivia,1-664-675-4336,24
Allwood Rick,3-452-787-5816,393
Casey Elle,8-626-783-4241,1846
Weatcroft Lexi,1-744-243-7262,192
Hopkinson Piper,5-753-317-2168,105
Bingham Phillip,1-126-887-4555,1700
Cooper Christy,7-583-733-4123,1087
Reese Dalia,3-815-628-1587,782
Knight Joseph,2-724-731-1836,1202
Bailey Oliver,4-462-367-4348,1242
Cox Lynn,8-373-853-8812,1705
Reynolds Jolene,5-748-536-7414,745
Roberts Cedrick,6-668-447-7611,1099
Cunningham Agnes,7-624-812-4762,933
Hudson Chris,2-481-452-2746,149
Wild Chad,7-854-262-5174,379
Booth Elijah,1-452-866-6746,1114
Miller Crystal,1-463-827-8178,1798
Nicholls Eduardo,3-286-425-5862,432
Lunt Maya,2-858-715-5382,1101
Andrews Carolyn,7-757-145-6584,1779
Gardner Kurt,1-184-613-8387,1378
Aldridge Jayden,6-121-836-8715,429
Waterson Jacob,1-884-815-1784,1653
Callan Stacy,7-812-346-6643,161
Poole Barney,7-318-787-2621,128
Uttley Shannon,5-415-352-7614,468
Quinnell Carrie,1-456-127-2141,1544
Rowlands Doris,3-352-881-5256,954
Powell Jack,6-522-164-6136,527
Driscoll Jessica,7-874-616-1168,1794
Swift Jack,6-326-646-2857,1352
Thomson Ethan,6-238-666-8341,888
Giles Tony,7-155-641-2472,1530
Sawyer Candace,3-228-175-5468,754
Edler Adelaide,1-567-762-8275,1772
Vass Rufus,8-814-172-1432,1159
Grey Johnathan,1-287-652-1222,438
Reynolds Jack,8-638-613-4277,1025
Buckley Caleb,2-214-748-1487,1823
Smith Celia,6-281-352-1266,1306
Shea Hayden,1-846-812-5481,1109
Vaughn Hayden,2-422-265-2288,185
Broomfield Leilani,7-125-784-2384,1220
Rowlands Alexa,1-313-524-5624,1659
Notman Angelique,8-363-214-4286,585
Becker Shelby,1-111-861-5383,975
Becker Lara,1-243-818-2825,1732
Watt Belinda,8-528-147-2737,1674
Hogg Rosa,5-117-847-5462,1637
May Mark,7-325-863-4283,1972
Grey Roger,3-571-657-1431,1948
Smith Carolyn,6-545-556-7413,1197
Rowe Rick,4-163-461-1168,400
Redwood Karen,7-423-365-2345,1324
Willis Jack,8-127-783-4735,1005
Locke Eden,4-865-374-4588,1896
Lambert Denis,8-616-681-8385,50
Mackenzie Johnathan,2-337-168-7665,1128
Underhill Carter,1-851-384-5264,36
Cadman Drew,6-258-665-5721,1854
London Doris,3-414-854-2677,1352
Saunders Johnathan,6-528-831-6234,722
Mitchell Aisha,8-858-318-1623,1937
Milner Eduardo,8-441-546-5173,1276
Terry Chris,2-543-771-3866,1082
Button Rosie,3-262-318-7372,785
Steer Doug,3-282-875-5217,214
Martin Eduardo,8-375-528-6743,1533
Hogg Carla,4-628-356-3677,1157
Nobbs Isabel,8-443-885-8574,963
Irwin Johnathan,1-325-528-5143,32
Benfield Hanna,5-443-473-7468,1489
Dowson Josh,1-541-744-8521,1657
Vincent Phillip,8-328-288-6376,1050
Potts Mason,4-352-475-2832,1075
Robertson Chris,1-187-755-6781,1600
Lynch Marvin,8-727-763-2583,442
Bradley David,4-157-755-7818,1305
Rees Nate,8-487-434-1376,1825
Miller Victoria,3-316-512-3353,1980
Hall Isabella,8-682-882-4278,1828
Willis Gwenyth,6-275-655-8637,58
Parr Moira,3-334-711-3141,1719
Willis George,1-832-722-5134,1443
Yarwood Celina,8-522-465-7216,1755
Niles Harry,6-682-276-5482,1354
Driscoll Nathan,3-747-556-7575,343
Bennett Hank,3-354-577-1643,37
Vinton Natalie,1-357-774-1511,1782
Holt Ivy,6-452-582-7555,1553
Kaur Elijah,5-744-725-4237,510
Kaur Camila,8-468-674-5638,1045
Norman Zara,1-653-424-8541,1966
Carson Matthew,6-231-611-7631,463
Murphy Irene,6-538-316-5835,955
Freeburn Ron,8-268-562-7521,1913
Leslie Jack,1-575-746-3561,1326
Carson Tony,6-721-474-7535,1525
Sloan Brad,2-655-386-5622,1675
Quinn Carrie,8-684-426-8555,1542
Gavin Sasha,6-153-431-8528,407
Dubois Johnny,1-358-377-3314,1697
Miller Sofia,2-424-523-8738,1614
Smith Bob,1-212-522-2148,1433
Page  Gabriel,4-188-158-1226,859
Sherwood Nathan,8-427-136-7458,415
Noach Selena,4-257-777-5111,248
Upton Harvey,7-556-455-4276,618
Jones Alan,3-715-757-7752,1769
Bell Chuck,2-775-636-4527,1481
Verdon Chester,4-327-621-3328,1383
Huggins Janice,6-563-675-8585,940
Darcy Melania,7-476-276-2171,1109
Gray Abdul,6-132-431-1438,713
Foxley Barney,6-573-458-8848,560
Reading Angelica,3-157-352-3866,630
Richards Wade,5-238-156-2827,154
Rehman Willow,1-568-187-6645,422
Flynn Ivy,2-456-868-5485,1683
Chapman Joy,5-753-526-5336,1115
Thompson Diane,3-753-835-5781,1827
Eyres Peter,1-212-866-5145,1951
James Peyton,1-327-673-3631,571
Parsons Michael,3-467-345-5486,563
Ingram Lana,3-325-777-4266,1919
Rose Doug,3-815-213-3165,1473
Stubbs Priscilla,4-742-861-1675,54
Silva Ryan,5-265-562-8638,1796
Carson Rebecca,1-142-275-2823,1711
Matthews Ron,1-825-241-2433,1884
Needham Matt,7-824-645-2868,1923
Stevenson Zara,7-728-216-5678,1834
Cassidy Jade,8-638-435-1125,1572
Healy Wade,4-372-457-7612,834
Snell Boris,5-521-736-7882,1483
Clifton Cadence,2-474-361-8542,1725
Simpson Vanessa,7-133-615-2887,929
Crawford Javier,7-628-765-2314,1241
Kelly Kamila,4-186-123-7165,374
Ripley Camellia,2-164-546-6142,1624
Hudson Alexa,4-853-575-3184,1740
Swan Hank,5-768-748-2126,747
Shaw Kirsten,4-357-355-5866,1580
Patel Hadley,5-538-841-2474,1579
Gates Susan,4-612-413-3158,433
Butler Javier,5-367-611-8243,452
Cassidy Mike,7-851-316-4823,551
Wheeler Ramon,2-382-221-7464,1534
Oakley Chester,7-232-686-6828,1577
Barclay Jacob,7-652-213-8757,397
Becker Cedrick,2-767-318-1685,1277
Michael Rosemary,4-311-862-6515,516
Knight Priscilla,7-531-821-8338,1217
Victor Martin,4-275-141-1421,282
Clifton Lily,7-346-283-1223,925
Collingwood Robyn,1-348-634-1556,907
Mitchell Vicky,8-825-452-3161,356
Richards Matthew,8-334-166-2844,550
Glass Rufus,5-423-243-2357,22
Thorpe Carmella,2-667-631-4623,1485
Eastwood Estrella,3-425-158-4336,453
Eyres Alexa,6-383-365-8424,1927
Steer Manuel,6-282-247-7212,513
Blackwall Elle,1-855-487-7836,901
Fields Martin,6-434-653-7678,1026
Wilson Miley,4-244-143-8687,567
Brooks Angelica,1-145-478-1847,287
Wallace Clint,4-257-751-3323,907
Stuart Erick,2-281-781-1735,238
Harris Barry,3-432-566-3118,1455
Antcliff Tony,3-251-262-7853,174
Woodcock Adela,4-431-782-5825,1834
Anderson Cristal,2-766-135-4751,1067
Malone Chester,5-877-554-1521,1373
Strong Julius,6-472-444-1487,6
Lloyd Beatrice,3-817-552-1426,1598
Stuart Jolene,6-851-767-1162,1885
Whatson Matthew,5-857-826-7325,670
Baker Jenna,6-255-384-4615,1778
Alldridge Hazel,5-726-673-3578,184
Asher Alexia,4-413-884-7571,1018
Wallace John,3-668-571-5384,1719
Holmes Jennifer,7-345-627-6242,1997
Daniells Miriam,3-463-433-3443,1799
Fulton Adeline,1-412-871-2124,173
Hammond Brad,7-466-582-6314,74
Mason Alma,2-225-478-5872,549
Furnell Gil,2-772-573-8757,1504
Huggins Clint,6-116-827-8147,1849
Booth Nina,6-642-862-7558,380
Mitchell Gemma,1-244-222-7373,1700
Dale Fred,8-524-823-5275,653
Terry Marina,1-484-365-3634,1630
Robinson Harry,7-318-641-1147,1263
Cameron Owen,7-773-778-3413,480
Morris Bob,3-125-123-5441,900
Rowlands Carrie,1-361-451-7668,8
Addis Sloane,2-575-164-5444,651
Jefferson Matthew,4-837-814-4683,460
Thomas Bridget,2-662-245-4175,1556
Marshall Greta,3-688-386-7736,286
Hopkins Matthew,5-863-376-2637,1111
Windsor Marissa,3-287-653-5524,1701
Faulkner Caleb,3-473-351-8215,1114
Evans Angelica,4-474-142-3722,800
Bryson Marina,8-832-136-8672,655
Wright Carl,1-188-711-3711,229
Steer Percy,2-873-263-1526,869
Rosenbloom Ema,2-566-224-2388,1158
Bloom Eileen,2-685-625-4546,1869
Stone Savannah,5-771-844-3887,1541
Brown Hank,1-715-185-5755,252
Page  Ivette,2-843-317-4247,850
Shaw Adalie,4-213-488-7611,541
Wilton Nicholas,3-214-673-2113,813
Vass Alexa,5-518-241-8753,389
Armstrong John,7-818-164-4721,10
Jennson Percy,5-165-543-8283,544
Asher Jack,5-617-334-8152,144
Thorne Alba,4-266-825-2575,1814
Grady Belinda,3-354-548-2872,228
Jefferson Paige,4-132-425-4821,1003
Vallins Sofia,4-582-285-6264,1922
Noach Kimberly,1-832-446-6567,1739
Pitt Destiny,8-522-352-4647,729
Morris Regina,2-741-122-2537,1924
Summers Julianna,1-155-677-5638,939
Matthews Michael,1-524-484-4246,870
Holmes Audrey,5-682-477-5724,538
Ellis Barney,6-641-237-8155,1181
Herbert Valentina,4-262-735-3363,1876
Ebden Aurelia,6-761-711-5626,1414
Oliver Cedrick,2-446-725-4171,567
Isaac Grace,3-468-778-4413,1407
Richardson Ronald,5-664-474-6481,662
Ventura Caitlyn,6-826-738-8823,53
Snell Allison,4-641-236-6827,1532
Milner Joseph,4-326-345-3265,1710
Redfern Gwen,7-418-448-5831,628
Bailey Anthony,5-672-687-3318,812
Ellis Rick,5-836-346-3635,1605
Murphy Hank,1-263-281-5538,134
Rose Chris,8-734-728-5347,624
Fowler Natalie,1-682-166-8164,525
Thompson Chadwick,4-142-365-7681,1341
Healy Domenic,6-774-222-5773,1752
Weldon Joyce,8-218-177-1445,1842
Jenkins Cedrick,1-316-154-3322,1045
Cox Barney,7-413-885-5667,1659
Robe Eden,3-838-787-4665,1814
Potter Josh,2-263-527-8214,1631
Pierce Lexi,7-137-732-6521,1981
Spencer Chad,8-767-452-1444,67
Exton Darlene,1-334-855-1851,1175
Varndell Nick,2-427-161-6665,1856
Jarvis Aisha,3-263-176-1784,1495
Bullock Jasmine,8-188-217-3851,1400
Bingham Stacy,5-666-388-7265,825
Addis Chloe,8-343-651-8134,1678
Haines Thea,1-834-361-2851,574
Hudson Winnie,6-343-663-4165,1624
Ashley Elly,1-212-652-8587,313
Stewart Benjamin,3-264-514-4127,1142
Thompson Sofia,7-572-472-6524,755
Brown Enoch,5-764-432-2766,1636
Holmes Jackeline,8-837-134-3371,1202
Rees David,6-583-688-7346,835
Gibson Melanie,1-266-251-1342,942
Wright Luke,7-186-117-6381,424
Wills Tania,8-484-678-3155,935
Coll Victoria,4-517-555-3462,954
Whitmore Marvin,3-158-575-8858,1477
Glynn Lillian,6-287-442-2773,122
Garcia Peter,4-458-357-7368,1426
Nanton Madison,7-628-115-6362,1867
Campbell Shay,7-825-242-8787,679
Mcnally Melinda,6-181-867-5647,1486
Mullins Roger,5-161-815-5136,1550
Cox Dani,7-147-821-6258,724
Carpenter Nathan,6-866-366-4342,894
Rigg Hadley,8-453-572-4385,648
Cowan Anthony,6-146-571-6651,1038
Russel Remy,6-381-557-2554,879
Clark Melanie,4-273-728-1237,1455
Dale Kaylee,3-114-324-4147,1676
Murphy Valentina,4-587-276-8466,593
Davies Abdul,7-848-343-8561,1593
Oatway William,3-872-827-8565,262
Sloan Bob,8-672-574-1751,1263
Crawley Charlize,1-784-364-5658,64
Hale Danny,3-621-631-5328,1965
Abbey Karen,5-564-672-2474,422
Knight Carmella,7-562-334-3571,333
Rees Ivette,6-487-843-4672,1069
Logan Leroy,1-885-432-8351,374
Noon Trisha,6-481-113-3624,322
Brennan David,7-723-612-1714,1005
Tennant Holly,2-171-275-5127,1218
Lindop Brooklyn,2-262-631-8844,609
Simpson Rosie,5-518-834-1132,397
Rowlands Noah,5-168-737-5452,357
Cameron Mavis,4-565-625-3457,109
Thomson Clint,1-878-845-2126,189
Hill Mike,2-553-765-5468,1466
Tobin Henry,3-368-423-7548,620
Hunt Brooklyn,2-885-425-3875,960
Holt Angela,6-271-844-5758,1392
Holmes Anthony,4-125-517-6877,1965
Logan Emma,6-755-664-4456,702
Yarlett Rufus,5-541-443-8788,986
Patel Rita,4-748-712-4238,1142
Walsh Denis,6-664-325-6744,1858
Fisher Rosa,2-533-188-2244,412
Bingham Hope,8-488-337-4887,216
King Domenic,1-373-143-4886,960
Beal Karen,8-483-588-8354,256
Wood Dorothy,7-367-414-7615,19
Harris Jazmin,7-348-842-3841,905
Whitmore Anne,3-816-147-6575,1034
Coates Bethany,8-187-716-4476,85
Gavin Janice,5-818-768-3828,1133
Johnson Nate,8-881-415-6855,1061
Jobson Jack,4-233-254-3421,1475
Chapman Melanie,5-722-761-5821,581
Hunt Barry,2-335-772-6875,1267
Rowe Chad,3-612-173-4273,1089
Pickard Jocelyn,3-313-164-4813,227
Martin Jayden,1-574-742-8248,1838
Kennedy Chelsea,3-756-425-3778,423
Uttley Beatrice,6-818-677-8271,628
Needham Rylee,7-364-754-6814,530
Knight Doug,2-184-687-2154,1653
Gibbons Luke,8-736-155-6322,541
Waterhouse Janice,5-732-684-3228,233
Tanner Jaylene,6-174-258-3646,714
Taylor Ivette,6-646-155-2244,1114
Thomas Tony,4-871-524-6666,1205
Whinter Priscilla,6-817-526-8762,1608
Lloyd Esmeralda,1-675-865-5632,210
Williams Makena,8-843-755-3886,1983
Emmott Lillian,3-851-687-1722,647
Buckley Dalia,1-183-623-3315,809
Lloyd Zara,6-433-835-6252,1793
Benson Phillip,3-275-861-6521,1144
Collins Vanessa,4-855-561-1614,758
Egerton Amelia,3-636-735-3556,1448
Gates Liam,6-361-134-1582,64
Norton Rosalyn,3-371-833-6278,1189
Mitchell Erick,8-317-326-6728,1248
Burnley Michael,3-461-337-6154,1237
Silva Rita,6-416-888-4325,1332
Moore Angelique,6-486-547-7641,1349
Goldsmith Enoch,5-356-545-1663,18
Sheldon Ron,6-771-716-7667,1329
Kelly Hayden,2-125-632-3352,724
Utterson Sofie,4-481-727-8378,1048
Corbett Julius,7-277-437-7335,1163
Weatcroft Mayleen,6-365-247-3454,169
Veale Mason,7-325-784-4576,1184
Stevens Brad,6-246-157-3831,1803
Moss Ally,3-815-534-8562,1857
Bingham Ruby,7-152-825-2618,1843
Thorpe Erick,1-125-465-1113,555
Douglas Jade,6-554-583-3386,1431
Payne Logan,3-267-616-6363,29
Dickson Tess,7-737-443-7787,1604
Walker Erick,1-255-615-1278,1896
Maxwell Megan,8-715-184-5121,823
Kelly Brooklyn,3-614-614-8553,1435
Bishop Chad,4-815-886-4586,1118
Thorpe Caitlyn,6-713-527-7114,1631
Morris Hailey,2-366-713-3885,572
Stark Barney,5-867-845-7425,228
Hogg Melinda,2-247-638-7553,955
Plumb Daniel,8-338-552-6835,849
Hopkinson Jocelyn,8-374-747-7766,281
Farrant Owen,1-455-227-2781,840
Clarkson Cecilia,8-643-686-6442,1068
Poulton Eduardo,3-843-328-6281,409
Roberts Norah,1-337-787-7564,1571
Latham Tyler,6-488-518-2281,222
Morley Naomi,7-626-482-6415,321
Paterson Emma,3-752-363-1771,214
Hall Boris,7-548-865-3525,1425
Chapman Lynn,7-852-625-8175,1205
Rose Karla,7-886-386-1726,975
Benson Matthew,1-627-825-8252,1231
Lloyd Luke,2-343-357-8512,1915
Wade Josh,6-583-774-4822,1984
Rogan Tyler,3-283-141-6622,1618
Shaw Abdul,2-783-766-1256,1664
Nurton Javier,5-175-681-4846,1826
Dwyer Ron,8-762-131-4346,280
Benfield Jacob,5-464-611-1272,907
Samuel Percy,6-385-572-4875,1165
Owens Lindsay,7-365-733-7458,1716
Turner Piper,8-162-642-2154,40
Wellington Marvin,5-582-177-4874,918
Saunders Carla,8-611-858-3446,204
Hastings Domenic,3-523-148-3311,1181
Curtis Sebastian,8-524-578-5666,409
Oakley Chadwick,7-245-573-2828,838
Stevens Hayden,8-212-418-1463,50
Newman Nathan,2-558-382-1646,789
Durrant Rose,3-257-642-2337,193
Walker Brad,7-755-148-7686,237
Baxter Mike,6-687-324-6881,568
Irving Jack,7-224-587-6224,693
Cavanagh Marie,3-844-622-2513,174
Varley Priscilla,2-623-248-7277,25
Wellington Cedrick,7-678-617-7825,133
Judd Sonya,7-212-872-5653,307
Turner Cedrick,2-556-363-6883,1794
Hamilton Naomi,4-448-858-4626,176
Gordon Florence,8-511-115-7155,961
Henderson Esmeralda,7-741-186-3632,95
Stark Miriam,6-135-877-3857,1136
Partridge Freya,2-728-375-1342,618
Harris Judith,1-634-742-5381,1098
Andrews Rihanna,3-473-248-7371,86
Seymour Amy,4-352-423-8588,486
Dowson Barry,3-152-174-1541,1698
Edley Alexander,4-245-468-3111,1031
Yang Elijah,2-271-585-7188,464
Connor Sarah,3-327-467-2643,1521
Lewis Ramon,3-363-381-8288,823
Cowan Emely,5-866-663-4143,1976
Cooper Rebecca,2-261-665-6442,797
Egerton Caleb,3-452-832-6428,1623
Faulkner Adalie,8-838-676-2878,692
Avery Aiden,3-254-284-8581,938
Reid Fred,7-874-431-2275,393
Redfern Rosalie,8-838-872-2615,1972
Taylor Ron,3-342-885-7823,1974
Baldwin Benny,6-765-822-4886,1608
Hobbs Violet,3-324-437-4314,305
Atkinson Benjamin,7-642-373-2152,1783
Whittle Johnny,2-531-887-1338,589
Addison Bob,8-773-184-8118,339
Dallas Dani,4-428-877-3661,1356
Ingram Luke,4-865-531-1237,1207
Walsh Ramon,7-618-851-3662,1165
Sylvester Deborah,3-316-515-5313,624
Fleming Savannah,2-636-735-1884,1125
Vollans Tania,6-142-145-5483,466
Willis Martin,2-265-453-4776,368
Whinter Sonya,4-568-338-7556,237
Stone Oliver,1-723-627-4474,1253
Brown Molly,3-362-465-7633,660
Tutton Johnathan,4-452-681-8186,136
King Cedrick,6-342-344-6384,109
Mann Mona,8-556-481-4652,772
Khan Erick,6-467-688-1531,1535
Talbot Joyce,7-516-115-4686,1840
Townend Gloria,1-755-214-6248,1013
Ripley Tyson,2-613-653-1162,1832
Tyler Miley,1-244-232-7124,1965
Lowe Leilani,5-513-787-4846,1483
Riley Henry,2-471-471-4328,1890
Drake Elisabeth,6-571-258-6822,1417
Hastings Michael,5-711-182-6725,167
Kirby Lindsay,8-736-718-4542,1501
Strong Elijah,2-546-628-8834,1732
Graham Ron,5-251-233-7245,730
Khan Hannah,2-375-186-1471,1847
Carter Sarah,3-758-812-7677,1519
Squire Gabriel,7-441-121-5667,246
Vinton Elijah,4-137-276-5571,1063
Stevens Josephine,2-474-155-3322,679
Patel Percy,8-854-474-4131,1823
Morrow Ramon,6-174-443-7268,1520
Adler Gabriel,4-734-811-5257,1992
Truscott Matt,6-684-515-4665,425
Yarwood Destiny,1-461-725-4475,1002
Wooldridge Johnathan,4-652-827-5188,832
Moore Nicholas,8-666-533-5371,580
Addison Eduardo,5-851-275-1832,1668
Murphy Jade,6-851-887-8432,422
Penn Kirsten,8-212-388-6643,1378
Bolton Mark,5-544-126-5517,5
Stewart Tom,5-368-417-4787,571
Rogers Ron,2-862-757-7362,1404
Gilmour Logan,8-786-881-7737,315
Parsons Zara,8-788-773-8837,946
Nanton Analise,3-232-813-2662,281
Cavanagh Matt,4-241-747-6275,1728
Vince Maddison,4-656-857-4425,1104
Briggs Danny,6-518-851-3475,1162
Lynn Lara,2-385-355-1846,1656
Rigg Leroy,7-555-187-2454,600
Harvey Jack,8-681-136-5721,994
Simmons Jayden,6-152-881-5344,208
Lloyd Denis,2-534-487-8682,1973
Morley Estrella,4-572-737-7848,116
Bristow Johnathan,2-251-852-6838,364
Taylor Olivia,8-433-873-3344,1396
Saunders Harry,8-221-714-5353,1624
Coll Iris,2-852-547-4777,1740
Leigh Aiden,7-873-468-7464,1646
Hall Evelynn,1-543-351-2422,1600
Varndell Ramon,2-218-631-5422,209
Sinclair Lynn,6-851-734-8286,1514
Driscoll Zara,8-464-536-1138,1990
Niles Britney,4-854-422-3367,539
Walker Helen,5-732-364-6868,1753
Moore Juliet,3-371-472-7616,256
Larkin Bryce,1-712-626-7648,360
Haines Oliver,3-654-344-7414,1836
Lowe Anabelle,5-282-617-3266,1027
Paterson Vera,6-521-615-7435,144
Lindsay Elijah,3-161-772-4855,745
Dempsey Adelaide,8-328-487-5561,717
Salt Livia,8-238-367-1764,77
Nelson Charlotte,6-286-438-6525,951
Allcott Logan,4-667-541-4411,568
Collis Bart,8-514-174-7371,887
Knight Manuel,2-651-264-3865,1335
Appleton Jack,1-645-384-6481,1751
Russell Oliver,8-476-836-3135,685
Collingwood Rowan,2-828-738-2486,1999
Michael Rylee,7-123-617-7613,773
Taylor Abdul,5-388-726-4328,539
Paterson Crystal,3-527-441-7143,119
Clark Camila,8-585-441-2382,1276
London Jenna,7-425-762-5734,824
Norton Victoria,1-357-343-7273,908
Jones Adalind,7-273-577-7177,1926
Morley Kieth,1-157-871-2734,1336
Stone Elise,2-365-435-6152,977
Wilkinson Chris,4-343-627-1857,1982
Taylor Tyler,2-815-543-5864,789
Reynolds Carol,3-423-722-6123,483
Robe Harry,3-468-434-1382,1300
Payne Daron,7-373-247-7278,501
Curtis Alan,3-553-486-5748,725
Attwood Gemma,5-626-314-4724,1353
Saunders Isabel,1-362-661-2131,1559
Waterson Daron,1-856-231-3827,203
Fall Ramon,3-344-356-6575,871
Penn Alessandra,2-454-152-6828,77
Daniells Brooklyn,5-211-174-5574,371
Shaw Fred,7-886-835-3142,1184
Dunbar Lara,4-775-333-1347,1837
Maxwell Johnathan,4-282-311-1851,1870
Welsch Daniel,2-832-354-4545,1583
Butler Kendra,4-553-116-3134,1534
Cooper Daria,3-344-385-7421,1482
Riley Boris,3-487-243-6585,1169
Hooper Hannah,7-543-123-2727,1669
Cunningham Ramon,3-353-187-1771,1077
Knight Gladys,4-385-353-1648,521
Aldridge Domenic,5-256-621-1788,889
Hobbs Gil,6-461-748-5748,387
Stone Aeris,6-744-378-2753,574
Shaw Taylor,1-765-755-8886,1253
Yard Boris,1-236-311-2236,342
Roberts Faith,2-684-425-2851,1658
Palmer Goldie,2-311-521-5331,1273
Devonport Gil,3-644-686-3755,1895
Lewis Hank,3-564-141-7832,403
Lynch Chadwick,4-188-243-1765,46
Mccormick Gabriel,2-741-848-1263,1779
Jennson Rae,7-814-141-3868,1089
Samuel Ryan,4-738-147-5285,1967
Wigley Noah,5-772-858-8452,854
Chappell William,8-126-256-5228,683
Young Teagan,5-411-226-6884,1754
Gibson Mabel,8-322-847-8148,420
Exton Stella,3-847-164-4382,666
Stevens Julian,6-723-262-7526,851
James Laila,8-178-654-1325,1557
Oldfield Norah,1-433-721-3631,369
Varley Mark,3-481-815-4822,1321
Carpenter Esmeralda,8-256-132-5788,1462
Griffiths Liliana,3-541-728-8365,77
Johnson Liliana,5-231-386-2512,1663
Michael Colleen,3-573-852-7351,575
Alcroft Maya,3-742-474-8366,822
Nicolas Martin,3-773-413-8313,846
Andrews Sarah,6-428-743-7537,1135
Bristow Elijah,2-266-224-8558,1620
Driscoll David,3-548-132-8328,117
Gates Bob,4-731-826-3322,958
Woodcock Amy,5-255-832-5688,464
Bright Sasha,1-281-124-2385,476
Thorne Melanie,7-545-674-6123,446
Ellery Tom,8-471-185-5451,44
Styles Nate,1-277-246-7746,1048
Sloan Mike,8-713-124-8682,1838
Horton Benny,6-127-114-7852,1139
Neal Ivette,4-776-538-8526,494
Preston Carter,4-672-753-1665,1948
Casey Elly,6-332-441-4336,244
Fleming Eryn,7-281-146-8781,1551
Ward Bart,3-826-548-8453,527
Clayton Liv,4-743-731-8738,795
Jackson Havana,6-143-178-7188,501
Garner Mason,2-287-434-6262,13
Sanchez Logan,1-461-837-2724,1857
Gibson Vicky,1-541-164-5723,656
Kelly Enoch,7-545-845-4634,78
Townend Ramon,3-133-565-3386,1783
Ulyatt Chloe,8-451-484-6444,180
Dixon Phillip,6-387-728-1112,353
Lakey Brad,5-751-384-1217,729
Neville Rhea,5-856-238-8148,815
Owen Katelyn,7-412-864-6462,490
Norris Grace,7-238-435-4485,1767
Russell Jacob,5-818-243-5741,419
Grady Henry,1-211-672-5582,1943
Ellis Mark,7-811-222-8655,1094
Cooper Jacob,1-443-747-4854,860
Camden Aleksandra,4-535-522-2778,483
Radley Kenzie,3-682-875-4578,972
Darcy Samantha,7-686-182-7828,362
Bradshaw Noah,2-487-364-3128,356
Gunn Trisha,6-872-123-6521,1766
Camden Tom,6-885-555-4213,659
Sinclair Savannah,7-414-584-4368,1319
Saunders Fiona,7-541-582-2211,1165
Drummond Hailey,7-324-457-5382,980
Oatway Rae,8-278-277-8115,514
Knott Sadie,4-735-764-8261,1856
Corbett Adela,4-635-187-6888,864
Bolton Hayden,3-828-532-1184,422
Rothwell Hank,7-776-588-3356,447
Fox Holly,2-263-316-2583,1291
Walter Christy,6-136-226-4683,1341
Jenkin Greta,2-642-635-3812,1196
Pond Zara,2-656-758-6465,1483
Hunt Tom,4-775-762-1132,1546
Kelly Wendy,5-464-761-2442,5
Mcneill Rita,5-511-637-6151,1404
Antcliff Carina,6-514-121-5533,1328
Briggs Caleb,6-248-756-3867,1464
Ingram Julian,8-577-668-5584,1972
Dixon Jasmine,6-454-872-6518,541
Stone Alexia,4-467-378-5476,1240
Adams Bryon,6-355-142-2876,1702
Walter Hanna,4-773-413-6356,1695
Weston Rebecca,2-363-466-5672,436
Beal Mason,8-686-487-5433,1258
Ward Daron,5-156-642-8286,314
Mason Sebastian,7-466-618-3234,1388
Jacobs Barney,1-564-226-2337,1618
Dixon Julian,7-612-488-4235,1470
Gibson Jocelyn,6-882-824-6412,464
Wills Hannah,2-365-466-1522,193
Farrow Scarlett,4-471-588-5753,1989
Blythe Alan,6-513-131-7851,1737
Powell Matthew,1-157-664-2883,1605
Foxley Tony,6-184-451-1133,1311
Myatt Cassidy,1-651-534-6453,812
Richards Joseph,4-377-788-8528,1843
Hunter Luke,1-554-863-6373,789
Jones Bridget,1-863-787-1751,1455
Thomas Harry,4-718-467-6412,1374
Howard Nick,5-414-212-2743,1037
Fox Candace,8-377-443-4443,409
Everett Diane,3-313-156-5752,1210
Marshall Kenzie,2-185-288-6582,1927
Howard Rocco,7-813-284-4633,1538
Crawford Wade,7-183-332-6163,1227
Gavin Rocco,6-158-725-8326,1246
Flett Bree,2-853-121-3655,480
Lakey Judith,3-818-522-1483,119
Kirby Kaylee,6-142-441-2266,1640
Ranks Rebecca,1-635-875-3668,1565
Stone  Judith,2-422-857-6232,1334
Pope Doug,3-362-866-1261,1325
Reading Gemma,6-874-425-6462,1867
Armstrong Mary,2-716-451-8324,578
Griffiths Alexander,8-225-637-3766,1181
Donnelly Rocco,6-585-435-8186,1990
Patel Henry,8-636-786-5434,859
Yarlett Danny,1-745-583-4153,486
Wood Bart,3-326-713-5771,1839
Oldfield Gil,7-383-875-8626,454
Nicolas Russel,6-584-113-5366,536
Notman Emely,8-728-713-7636,757
King Carl,7-153-148-1285,1356
Oliver Sonya,5-822-271-3344,1369
Dickson Monica,6-712-757-4511,1592
Roth Natalie,3-614-672-3337,1576
Kerr Fred,7-688-375-4866,1011
Furnell Bristol,8-232-165-7445,921
Ring Zoe,7-558-238-8637,565
Rowe Kieth,3-521-354-1712,1855
Ryan Julian,3-758-728-6881,422
Forester Ciara,3-484-113-6443,1089
Thomson Anthony,4-448-186-3173,1635
Gilbert John,4-734-671-1461,75
Ellison Russel,5-381-457-6636,197
Ross Danny,2-252-153-2214,915
Ebden Matt,8-575-218-1665,220
Morris Stella,6-247-574-8483,54
Tutton Percy,2-746-323-3453,112
Walsh Leanne,4-612-321-2624,1163
Rose Violet,1-225-566-7774,1743
Bryson Zara,7-648-458-5581,1434
Hopkins Cedrick,5-755-517-2867,1883
Richards Cedrick,3-114-472-4331,1381
Rose Chad,8-828-253-5528,820
Lee Owen,6-616-516-2214,917
Page  Chad,3-255-676-3331,997
Dunbar Julianna,4-625-545-1233,1463
Allwood Danny,2-832-777-8578,579
Rycroft Elise,5-386-663-6687,348
Crawford Hope,1-555-212-3465,1721
Ellis Vivian,2-766-787-4117,595
Truscott Aeris,5-461-636-2243,64
Robe Javier,7-681-785-6443,451
Cooper Sloane,7-613-112-5134,1119
Rothwell Faith,8-248-224-5321,1626
Myatt Taylor,2-368-668-3726,209
Wallace Jasmine,4-138-527-4414,148
Truscott Rhea,2-786-228-4661,1854
Calderwood Chris,1-578-684-3133,1629
Shaw Daria,5-217-872-2534,1259
Wilson Peter,2-368-172-7427,1119
Lindop Juliet,3-664-187-6868,747
Stewart Peyton,3-616-182-3744,629
Snell David,3-376-878-3254,1235
Dunbar Kendra,4-822-715-2382,761
Grady Mya,5-217-455-4643,920
Watson Julius,3-416-842-4716,243
Hunt Enoch,4-134-135-8758,1005
Slater Rufus,5-625-573-2834,1290
Kennedy Mason,4-168-832-4147,975
Robertson Cecilia,8-763-418-8311,1626
Anderson Liliana,5-322-177-4724,384
Butler Joseph,3-218-468-8355,310
Walker Cedrick,4-834-753-8131,620
Gregory Robyn,8-765-786-4586,644
Collins Michael,6-558-657-6438,371
Fenton Isabel,3-182-664-7287,945
Dillon Marvin,2-435-557-8351,257
Cann Harvey,6-672-554-6882,1407
Stubbs Doug,1-132-157-5885,136
Kennedy Rosie,5-153-216-5756,1590
Lewin Nathan,7-414-488-1238,308
Hudson Roger,5-884-322-8674,1024
Rose Ada,6-475-111-2356,1980
Cox Johnny,8-737-878-8336,947
Norburn Gabriel,4-448-543-2285,1477
Shaw Carmella,2-884-852-6647,1028
Devonport Chris,5-663-125-4486,1236
Riley Rosalyn,1-326-165-8643,1586
Chappell Lily,8-786-471-3645,908
Edwards Peyton,8-182-453-7261,1512
Moore Erick,4-816-186-5468,1965
Patel Jazmin,3-144-538-4125,1806
Jefferson Ciara,1-158-164-6432,1002
Myatt Nathan,5-866-483-5355,898
Gaynor Rosalyn,8-151-584-5288,685
Michael Nicholas,7-375-652-8437,1090
Shepherd Evie,2-431-318-4151,783
Potts Keira,6-358-725-4776,304
Garcia Mike,3-326-641-8627,1806
Campbell Martin,2-628-641-2535,1931
Lowe Rose,8-663-272-7215,785
Oakley Noah,3-732-511-3133,42
Lewis Gil,5-571-322-4878,1712
Moore Charlize,1-246-166-3558,991
Cartwright Josh,7-651-585-6471,708
Holt Teagan,2-148-315-7238,424
Morris Johnny,6-451-133-8324,1031
Dallas Julia,4-218-481-7572,1603
Yates Ron,7-422-267-3238,189
Oakley Daniel,5-582-862-2145,1290
Watson Logan,5-825-383-7736,1757
Sylvester Kassandra,7-716-367-2716,359
Stone Destiny,8-624-788-5482,1445
Sloan Dani,7-355-565-3816,1522
Leigh Samantha,7-212-486-3858,527
Upsdell William,8-635-335-5274,769
Phillips Roger,2-516-116-8441,1995
Windsor Evelynn,4-868-214-7242,1191
Morley Aileen,4-417-332-8583,1395
Spencer Harmony,3-855-447-3217,1460
Tennant Lindsay,4-764-858-7633,1958
Brooks Alexander,3-578-221-3856,214
Moran Naomi,5-366-441-4263,365
Ventura Gwenyth,4-743-728-7164,1119
Waterson Macy,4-111-683-3442,169
Cattell Bree,1-117-186-5836,974
Dann Ronald,8-358-222-8432,915
Alcroft Maya,2-452-644-8727,1160
Stewart Barney,4-534-485-5168,271
Roberts Rocco,5-654-238-5354,746
Healy Jack,6-124-762-5465,1529
Owen Remy,3-841-611-5475,79
Cavanagh Gloria,5-776-178-2623,341
Ring Christy,4-415-348-6135,1034
Radley Penny,5-264-178-7414,1558
Yarwood Dani,8-878-311-4566,389
Swan Makena,3-253-524-6675,1141
Nash Iris,6-177-467-7235,1623
Holmes Juliette,5-251-622-5324,546
Lloyd Harriet,5-475-854-8875,599
Farmer Eduardo,3-383-331-5765,1082
Davies Angela,4-674-728-5782,617
Nanton Alan,8-744-713-7744,1899
Douglas Chad,1-838-475-1373,1659
Jones Charlotte,1-325-761-1781,1896
Dallas John,2-863-731-7844,1532
Varley Jack,2-246-426-4168,1536
Morgan Florence,7-511-542-7478,1138
Lyon Chadwick,8-754-675-3424,997
Noon Irene,5-675-576-2111,954
Warren Peter,5-437-712-1253,598
Kerr Barney,8-615-336-7553,1330
Warner Caydence,3-538-512-7773,1238
Mitchell Mara,5-138-133-3527,1370
Rees Chris,4-755-268-6316,1846
Gallacher Sabrina,6-272-823-5338,548
Egerton Matthew,3-454-348-1765,840
Clayton Bryon,4-155-468-5321,477
Page  John,4-275-634-7456,208
Speed Karla,7-368-776-2414,1563
Briggs Fiona,3-674-246-4281,472
London Kamila,5-818-475-3446,1963
Moreno Jayden,5-262-313-5382,1676
Jacobs Denis,6-626-447-3646,728
Duvall Caleb,4-388-475-7763,824
Cooper Brad,8-235-717-5177,1735
Evans Benjamin,6-847-477-5581,1613
Anderson Hank,1-134-451-7356,1408
Blythe Benny,8-412-838-7541,1230
Oswald Marla,2-458-665-5315,197
Phillips Belinda,2-841-166-3171,506
Quinton Francesca,8-336-322-1474,1816
Baker Paige,2-756-212-6514,286
Grant Trisha,4-758-237-5158,1871
Nayler Oliver,6-836-636-1736,1449
Rogers Rocco,1-717-353-8714,564
Carter Zara,2-248-358-6336,1575
Price Bob,5-182-528-2813,35
Irving Alexa,1-285-153-7332,154
Ingham Ryan,7-632-543-3513,1868
Jefferson Chuck,5-412-358-2412,272
Santos Ada,1-263-266-2176,1900
Robertson Felicity,5-783-678-5218,953
Victor Chadwick,3-643-812-2637,331
Morley Oliver,5-566-432-4252,1419
Page  Sasha,2-716-515-1574,1409
Rust Mabel,5-825-537-2711,565
Vane Morgan,3-684-112-3758,1006
Kidd Liv,6-833-825-8684,1154
Atkinson Domenic,6-437-567-7874,1158
Rodgers Michael,7-647-328-8757,1585
Robinson Danielle,4-864-752-3337,323
Tate Sadie,5-272-162-3327,928
Burge Johnathan,8-623-447-8286,790
Buckley Caleb,1-543-168-8583,1337
Martin Robyn,2-525-428-8116,441
Nayler Nicholas,3-177-228-2218,1398
Weatcroft Barney,7-462-712-5231,1175
Denton Jayden,4-262-537-6872,811
Rosenbloom Domenic,4-358-234-5421,1034
Woodley Ethan,6-487-578-4778,1608
Quinn Owen,6-287-871-5118,1373
Roberts Meredith,7-227-265-2864,1572
Flack Stacy,4-627-585-8535,1839
Ingram Caydence,1-643-165-8282,1927
Barrett Christine,1-347-524-5462,657
Richards Logan,7-743-573-4158,1481
Potts Lara,8-571-334-8345,307
Wilde Kimberly,3-755-245-6556,1837
Victor Chloe,4-361-655-5133,1718
Waterhouse Chuck,6-372-212-5513,1710
Lloyd Benjamin,3-166-834-8827,455
Boden Emmanuelle,5-585-842-3153,1639
Hewitt Carmen,7-314-832-4762,684
Archer Alma,7-636-478-6622,1493
Tailor Mason,4-386-452-8253,203
Wilcox Carol,1-435-655-4547,1115
Torres Rocco,5-532-384-1476,1503
Barrett Leah,7-888-274-1418,1829
Clifford Georgia,8-664-177-7575,550
Bell Liv,7-434-676-4112,902
Coleman Florence,8-287-781-6138,313
Driscoll Erica,5-534-355-8473,579
Cox Cedrick,4-162-743-1817,1422
Huggins Bryce,6-335-552-3774,500
Dallas Caleb,6-432-884-2412,883
Knott Bob,7-376-281-8732,1305
Cox Makena,2-824-433-1282,386
Rogers Nina,2-782-114-6656,838
Thomas Samantha,2-578-723-8824,610
Tindall Tom,7-244-246-6347,450
Reid Mike,8-724-664-8728,1648
Webster Ryan,6-787-641-1635,1639
Fox Lynn,8-712-251-2224,477
Hale Elisabeth,5-657-683-6138,1578
Lynch Ally,8-837-216-7785,1406
Olson Denny,2-474-682-6716,346
Hood Jayden,7-611-348-7128,1609
Matthews Percy,2-517-158-8426,522
Wellington Maya,8-685-286-5383,1113
Talbot Gladys,2-487-811-2767,1392
Cassidy Tiffany,2-425-327-2524,1954
Waterhouse Johnathan,8-366-833-6647,1018
Locke Alma,2-266-683-2163,495
Mcneill Tyson,1-342-751-7837,1420
Price Russel,6-732-833-2175,223
Cooper Fred,1-823-441-8172,612
Clarke Piper,2-815-157-2516,390
Ashley Marvin,4-473-375-2685,1653
Squire Hayden,1-672-561-8822,1535
Goldsmith Owen,3-758-464-4816,1483
Parker Martha,6-587-113-2744,997
Russell Barry,1-881-663-4715,569
Briggs Marina,8-634-557-7258,1363
Woodcock Ally,2-536-867-3874,313
Parker Emely,7-488-472-4562,467
Reading Erick,1-487-788-2222,571
Bayliss Percy,4-715-746-7131,398
Kirby Kamila,4-881-782-3757,573
Lewin Brad,4-664-242-2633,1276
Zaoui Gladys,7-215-724-3822,960
Huggins Eduardo,2-827-735-4722,1512
Gunn Faith,3-371-662-3711,754
Boden William,8-117-244-2543,1556
Whittle Logan,4-255-876-1438,1272
Bailey Hailey,8-727-226-4587,430
Ross Hope,8-883-577-2323,1866
Ingham Maxwell,7-147-455-3147,1634
Sinclair Gil,5-458-386-1282,1072
Lakey Vicky,3-884-277-4183,1246
Jones Joseph,1-762-584-7222,1964
Tanner Johnny,8-762-278-5337,1993
Dann Dasha,3-624-837-5187,388
Varndell Gil,7-557-858-7681,454
Ward Joseph,8-171-747-7882,325
Larsen Daron,6-142-434-5154,1828
Vaughan Denis,1-463-174-6361,1340
Moore Harvey,3-254-287-2445,823
Thompson Lillian,5-341-765-3252,733
Gardner Peter,5-772-223-1273,535
Wilcox Clint,4-638-173-5817,1733
Callan Ember,6-658-765-4222,441
Cunningham Maya,4-356-151-2563,312
Murphy Domenic,3-822-266-2877,466
Vallory Irene,5-244-553-7755,894
Vinton Michael,5-737-731-8886,263
Eyres Aisha,3-155-226-4581,298
Rixon Georgia,2-684-218-2854,457
Butler Josh,3-774-358-4137,711
Jarrett Mike,2-723-612-2633,1630
Moore Matthew,8-376-523-7423,613
Lindsay Chadwick,6-131-468-2772,1313
Butler Isabella,6-343-454-2457,1914
Rogan Lana,6-313-635-5518,144
Whitmore Denny,5-165-488-5572,1862
Garner Carrie,6-214-275-8552,1463
Hudson Rowan,5-441-873-2647,1690
Eaton Nick,3-681-468-6558,392
Morrison Emery,3-132-375-7574,1945
Morgan Melody,8-231-246-7765,1535
Marshall Anthony,5-233-265-3367,1927
Farrant Kieth,7-562-577-1675,599
Chappell Joseph,8-726-226-1764,1666
Judd Lana,4-357-881-5817,396
Ogilvy Phillip,4-285-616-6171,1034
Mcneill Hank,1-663-426-5478,415
Randall Faith,8-251-328-5646,1236
Brett Celia,4-187-115-3146,1388
Stevens Kurt,7-526-788-7311,289
Douglas Julius,5-244-472-4444,1786
Jeffery Mary,4-487-524-8214,582
Lucas Eileen,8-534-842-1386,120
Kelly Marissa,1-426-562-2342,637
Emerson Lindsay,5-564-575-1623,796
Hilton Karen,2-667-111-1336,801
Kelly Belinda,2-853-414-3654,680
John Katelyn,3-534-346-5484,887
Booth Leslie,4-527-137-2477,787
Hall Caleb,6-558-812-5534,872
Giles Ronald,6-817-182-6484,757
Lane George,1-638-277-4373,1907
Knight Gemma,7-774-173-2155,1848
Roberts Marjorie,6-381-371-1327,1060
Morgan Joseph,1-528-166-3576,1164
Chappell Owen,8-646-281-5277,1367
Nanton Mark,3-523-587-3781,1981
Cann Scarlett,2-866-221-1678,227
Anderson Jacob,8-213-524-8762,832
Dempsey Sonya,8-626-578-7122,1036
Morgan Carrie,7-724-878-1747,6
Brock Henry,6-524-728-3458,894
Dowson Aisha,6-833-842-1841,1328
Adams Clarissa,7-178-463-8738,979
Mitchell Carolyn,3-884-676-5164,843
Richardson Tess,5-416-686-1663,1855
Miller Gabriel,8-518-126-8582,1021
Wilson Anthony,3-181-744-1316,1746
Clark Lillian,8-251-783-3857,963
Lane Elise,4-876-438-4254,867
Vincent Nate,3-321-188-7488,1264
Pearson Jade,8-848-671-6418,1672
Hammond Domenic,5-546-353-4555,237
Notman Camellia,6-172-541-7352,1417
Rust David,1-431-432-3346,1156
Becker Livia,6-788-481-2785,1535
Seymour Maddison,7-535-417-3325,1460
Tyler Cassandra,8-342-747-7621,356
Lyon Marina,5-822-522-3818,969
Kennedy Manuel,2-447-133-1361,1307
Russel Janice,8-224-555-3276,1988
Ross Kimberly,8-217-156-6163,1834
Donnelly Ryan,4-586-163-3235,268
Utterson Eryn,3-784-685-8362,1101
Selby Sylvia,6-676-321-7125,1716
Whitehouse Lara,4-566-341-3768,1133
Shea Eduardo,2-357-683-5622,1807
Mills Tony,1-548-267-3386,800
Morrison Eryn,5-481-133-2752,1904
Patel Javier,5-116-631-6633,1879
Carson Ramon,4-353-668-7376,707
Hobbs William,6-872-353-4314,1681
Veale Enoch,3-237-183-6745,648
Dempsey Noah,1-526-531-8541,1785
Thorpe Cara,7-784-458-6423,455
Gunn Boris,2-554-886-4243,424
Wood Carter,1-136-573-3431,1551
Rosenbloom Alessandra,2-127-253-7322,622
Anderson Kenzie,3-234-137-3288,630
Rivers Cassandra,2-788-321-1246,442
Morris Aisha,4-522-174-3483,1528
Cavanagh Chadwick,2-273-144-8783,292
Rowlands Nick,1-777-441-8116,937
Dixon Wendy,4-127-244-6481,1203
Plumb Georgia,6-338-848-2481,653
Vangness Alessandra,8-887-438-4715,296
Morrison Jacob,7-654-442-4855,1758
Rigg Carissa,1-742-825-5746,1709
Jarrett Carmen,3-621-236-3777,818
Coates Chuck,4-256-876-1122,414
Harris Mason,6-756-376-7573,927
Murphy Chester,7-637-853-6145,1043
Sloan Gina,2-832-287-3116,873
Horton Gemma,3-268-458-8124,233
Cunningham Ron,3-585-632-4328,656
Holmes Megan,1-264-147-3452,211
Hardwick Joseph,8-313-725-5322,1447
Oliver Aiden,2-627-124-1124,607
Asher Audrey,3-835-352-8115,1471
Morrow Piper,6-458-348-4154,547
Owens Leroy,7-857-833-7488,1645
Parker Chad,4-172-417-5583,973
Dobson Rocco,3-276-252-5353,1317
Cooper Sylvia,6-765-244-7621,778
Wilcox Benjamin,7-185-571-4472,940
Simpson Carl,3-652-347-7647,598
Moreno Tony,2-366-737-5455,950
Kennedy Kieth,8-135-847-6421,509
Durrant Remy,5-873-586-6675,291
Sylvester Emerald,8-517-468-5664,1261
Andersson Sienna,1-636-155-7212,752
Thorne Mark,3-586-242-4715,771
Paterson Camden,3-528-687-5623,1441
Jackson Barry,3-373-476-5337,525
Russell Cassidy,2-328-762-6134,137
Andrews Liam,6-365-625-8346,1975
Pearce Denis,6-381-885-8752,1370
Howard Carolyn,6-384-655-8836,928
Oswald Ethan,6-422-611-3682,689
Lloyd Vera,4-683-631-4832,884
Stone Sonya,5-646-775-6385,55
Radley Chad,2-674-885-5776,1949
Reyes George,6-144-358-2368,182
Clarkson Bart,3-674-145-5838,79
Yarwood Dasha,7-366-255-8283,1042
Rixon Tom,8-827-482-7721,939
Nobbs Sabina,5-332-853-8247,1670
Bailey Erick,8-188-418-6326,1120
Fisher Crystal,1-867-382-3735,1940
Denton Danny,1-428-285-6736,1247
Latham Brad,1-438-481-7276,1401
Bradley Marigold,2-846-124-8425,443
Stark Boris,3-234-326-8871,1330
Barrett Rufus,3-418-162-3116,846
Whinter Mabel,6-124-544-6364,1997
Coll Elle,5-478-811-1411,1871
Hammond Rick,6-621-284-4517,1485
Logan Owen,6-641-535-1775,31
Tate Ruby,5-226-167-4611,1854
Thomson Bart,4-387-334-2732,1409
Reynolds Rick,8-511-565-1287,583
London Chad,3-227-421-8121,114
Vince Juliet,1-521-147-3347,492
Warren Bob,1-614-185-4747,1264
Camden Chad,5-263-831-6884,1943
Murphy Clint,8-415-148-8385,169
Stanley Nicholas,7-738-764-4128,1908
Thompson George,8-613-445-5716,446
Ashwell Freya,2-615-166-8674,3
Morrow Leah,4-647-881-1283,657
Harper Rita,4-116-127-5383,1316
Marshall Kieth,4-426-687-6442,1462
Stevens Gladys,3-125-341-4385,269
Sloan Phillip,2-642-571-7226,765
Shaw Liam,4-885-524-7254,76
Dixon Miley,7-677-343-6282,462
Rycroft Benny,1-424-452-5246,1756
Rogers Charlotte,7-211-415-7842,549
Rogers Makena,8-546-587-5355,79
Yoman Caleb,5-111-211-7844,1193
Morrison Rihanna,3-487-424-5811,1059
Baker Harvey,1-844-722-6438,1340
Ianson Penelope,4-461-211-7832,948
Simpson Britney,5-332-351-8212,1686
Thomas Adeline,5-838-658-6461,74
Duvall Angel,6-163-754-3753,1140
Bloom Alison,2-443-722-2356,1216
Woods Bryon,5-574-312-2681,1285
Villiger Marissa,8-453-456-2345,1627
Thorne Elena,8-585-866-1781,509
Wood Johnathan,5-677-521-4878,654
Mackenzie Samantha,3-745-856-8462,760
Robinson Tyson,3-875-888-5188,143
Benfield Zoe,4-211-637-2427,1293
Vass Lara,7-215-415-1173,463
Fleming Matt,4-734-313-7725,1416
Redden Sofie,3-546-178-4218,311
Smith Bryon,1-354-614-8735,847
Jones Adalie,3-158-467-6524,688
Brown Nathan,8-344-122-8628,1209
Lynn Emely,3-613-675-2752,1437
Smith Hadley,6-454-428-8272,256
Bell Michael,2-221-773-6653,353
Calderwood Josh,4-275-451-1134,1463
Kent Diane,6-633-484-8334,1363
Tanner Zoe,1-313-313-3311,266
Pond Alice,1-421-867-3388,422
Lowe Alison,7-131-216-4253,751
Dunbar Summer,7-317-284-7842,1980
Osmond Jacob,7-723-218-2544,1896
Stanton Adina,3-718-161-6813,507
Kelly Chuck,1-887-652-7138,196
Connell Emerald,1-523-148-7466,279
Mason Rosa,7-555-358-2811,1933
Aldridge Rosalie,5-522-171-1552,287
Alldridge Carolyn,4-153-545-8221,645
Varndell Makenzie,5-814-128-1287,787
Forth Carl,4-418-613-6251,1240
Parker Tom,5-684-131-1174,1953
Vinton Mavis,1-471-763-4412,346
Lambert Henry,5-812-414-5174,589
Eastwood Analise,1-843-457-8233,570
Weatcroft Denis,1-138-248-2766,1819
Furnell Nathan,3-223-836-5357,16
Morris Elijah,7-822-731-2862,1317
Barclay Hayden,6-177-811-2454,985
Bentley Jack,4-135-867-4413,165
Buckley Harvey,5-184-862-8126,1641
Snell Lorraine,7-165-313-1727,1090
Wallace George,8-766-135-4562,257
Thomas Tony,7-278-333-6372,1960
Lee Matt,2-724-282-8612,1290
Gordon Matt,8-156-466-4435,84
Chapman Lily,3-425-548-7326,343
Morris Roger,5-283-824-4734,874
Nicholls Ryan,8-718-674-6351,499
Osmond Remy,5-443-641-1858,1962
Donovan Marie,8-156-371-3232,881
Davies Jackeline,8-181-618-4517,1389
Lewis Chanelle,7-143-686-6284,331
Gates Aiden,1-541-688-3411,1265
Morgan Ruby,2-815-518-3183,815
Campbell Harmony,7-641-132-1677,1616
Plumb Benjamin,3-516-742-6541,481
Campbell Nate,5-222-232-1428,1969
Neville Fred,3-884-673-1376,125
Bradley Colleen,1-783-255-7231,923
Sinclair Carter,4-787-223-1452,339
Yang Juliette,2-344-211-1526,343
Shelton Rick,3-753-382-1487,1475
Baldwin Rosalie,4-636-268-1374,1345
Phillips Michael,8-417-246-5251,501
Russell Tyson,3-635-687-2773,1369
Amstead Hannah,3-747-836-5467,266
Morris Tony,4-858-463-7851,579
Ward Daniel,6-413-227-2616,133
Warren Tom,7-686-342-3128,116
Vinton Rocco,1-565-831-7886,1441
Shaw Samara,6-481-743-4555,327
Ellery Stacy,1-487-114-3856,1707
Fowler Boris,6-343-542-4446,254
Mcguire Chadwick,2-266-727-1662,443
Fulton Roger,5-267-726-5578,75
Gordon Nate,8-326-442-4858,689
Stanley Jayden,2-384-744-2224,1209
Veale Hannah,2-354-681-3854,1600
Dyson Carter,7-883-561-1574,278
Stuart Doug,8-161-457-3842,1953
Locke Alessia,6-783-356-7221,605
Khan Hank,6-171-642-6831,1256
Foxley Molly,6-121-262-6242,449
Lane Quinn,3-677-622-1215,277
Wilkinson Alexa,8-677-411-8445,830
Oswald Alessia,2-676-137-2325,36
Watson Tiffany,5-268-553-6422,1534
Lewis Chester,6-546-773-3771,871
Radley Leslie,1-887-836-6877,98
Yang Iris,5-481-415-4272,1783
Anderson Meredith,2-615-227-6481,1579
Graham Estrella,7-188-255-5175,1156
Mcgee Johnathan,4-864-618-7376,1576
Durrant Chris,3-152-121-8786,435
Haines Chloe,5-266-412-1187,510
Reynolds Aiden,7-835-548-5854,1927
Robertson Dasha,7-816-252-7631,1840
Patel Macy,8-473-168-4116,1124
Swift David,2-358-182-7886,316
Bullock Audrey,5-437-582-4448,906
Saunders Joy,1-465-273-5236,1131
Edmonds Mina,5-326-522-8528,1824
Pearce Carissa,4-234-735-8163,1736
Eaton Cedrick,4-481-852-3137,1085
Zaoui Sonya,7-211-753-3618,762
Callan Mark,3-836-758-2552,1830
Varndell Chuck,6-447-817-2641,236
Ward Tom,2-146-882-4668,25
Mccormick Bob,5-126-458-4124,1390
Blackburn Mason,4-526-325-5215,1988
Farrow Elle,1-462-718-6543,1213
Khan Claire,2-521-237-6231,941
Mason Manuel,5-131-118-4454,1773
Nanton Piper,5-286-717-7763,1511
Hood Sara,6-116-733-3443,231
Hopkinson Erick,4-143-674-2776,538
Addley Eve,3-457-837-1453,1868
Parr Benny,8-231-223-2272,1734
Casey Dasha,1-776-275-7546,161
Sherwood Jacob,8-882-858-3258,609
Holmes Enoch,5-424-541-8173,651
Matthews Ryan,1-447-828-2751,1022
Pickard Mark,5-387-827-5187,84
Carter Phillip,2-165-557-5855,540
Mitchell Vera,8-376-313-1632,1642
Hood Dasha,2-862-387-1576,1506
Bennett Johnny,8-465-142-2257,57
Willson Alessandra,6-557-355-2452,500
Cassidy Rick,3-374-471-6858,1575
Bryant Bob,8-782-112-2764,499
Spencer Candace,2-725-342-5746,1575
Hale Jacob,7-168-533-1842,437
Knight Wendy,5-761-325-8317,399
Bell Domenic,3-474-845-3557,1493
Rowlands Kenzie,3-187-872-6823,55
Jones Mandy,2-335-263-5758,826
Owen Chris,4-381-763-2752,1440
Ebden Mary,3-257-354-6848,1099
Torres Colleen,4-124-781-3117,275
Jacobs Chuck,1-432-268-3188,1125
Knight Michaela,2-287-125-5463,1970
Davies Kassandra,4-868-452-8135,1442
Roberts Harvey,4-152-862-6874,1760
Freeburn Anthony,6-455-517-1338,595
Woodcock Eden,4-416-324-2782,453
Carter Celia,6-341-612-4865,47
Norris Ronald,3-323-317-3373,610
Vallory Ada,7-183-658-7753,1886
Reyes Carina,2-237-581-4677,184
Attwood Nate,6-475-851-8244,979
Mitchell Roger,1-735-628-8247,1197
Addison Adalie,4-755-772-4821,458
Villiger Percy,4-666-616-5527,1045
Nicholls Gil,8-742-868-7128,652
Jones Blake,8-751-128-5786,342
Lewis Bart,3-538-327-1444,1664
Mcleod Shelby,6-328-381-5288,596
Vangness Barry,5-158-841-4141,1507
Hunter Eden,3-311-348-8813,1889
Leslie Bryon,8-272-843-6535,1822
Neal Wade,2-885-552-5875,119
Umney Ruth,4-846-478-8611,1412
Phillips Selena,4-737-748-5466,1273
Warner Denny,4-668-764-4242,62
Edwards George,8-583-376-7125,922
Walsh Fred,2-243-638-6788,803
Penn Ruth,4-617-726-4156,1886
Veale Bryon,2-444-215-8738,1878
Keys Bryon,3-545-774-2254,1522
Dixon Angelique,3-375-751-7257,1474
Myatt Tom,2-616-225-2156,712
Chapman Julius,3-126-861-5573,1523
Cobb Eduardo,1-252-376-6587,251
Noach Tyler,2-685-365-5632,224
Warren Jane,4-321-457-1575,795
Abbot Henry,5-354-658-6625,1368
Kerr Laila,6-176-548-6553,1326
Appleton Benjamin,3-766-775-1225,1393
Underhill Marigold,7-123-255-1355,1063
Asher Nate,8-581-768-2132,52
Shields Kieth,7-476-634-8417,1667
Rust Alan,3-518-386-4127,1769
Hardwick Gabriel,4-853-716-3315,1201
Saunders Rita,8-627-858-6211,151
Norton Hayden,4-384-572-1216,629
Potts Remy,3-248-327-3145,608
Coates Abdul,1-765-626-1436,1199
Vane Jennifer,3-283-676-8356,1978
Benson William,4-774-176-3156,357
Mcneill Martin,6-756-244-1583,1953
Horton Gina,2-713-877-4656,1791
Lucas Estrella,6-636-874-1751,1446
Eaton Danny,7-331-472-6677,660
Lynch Renee,5-635-266-6137,1462
Eddison Liam,1-688-735-6425,1942
Carson Kenzie,4-483-144-5382,1123
Graham Gemma,1-887-613-1428,1850
Hamilton Anne,6-878-747-8646,126
Strong Rose,7-387-251-8211,806
Mcguire Gwenyth,4-535-326-4123,8
Redfern Payton,1-617-451-1226,135
Sloan Phillip,8-284-127-1641,1952
Groves Denis,5-652-143-7654,952
Hobbs Jacqueline,1-153-211-7373,1198
Gilmore Janice,5-133-514-5726,800
Vollans Benny,6-662-314-5564,1702
Attwood Boris,7-843-131-7756,983
Allen Rufus,6-886-258-3132,1214
Walker Carl,2-231-478-7725,1715
Wood Owen,5-641-158-5118,1274
Forth Manuel,6-226-352-6667,134
Weasley Teagan,7-264-642-7553,1076
Mackenzie Meredith,2-571-536-1323,136
Vinton John,4-724-361-8445,741
Tailor Agnes,8-162-523-1831,136
Blackburn Jacob,4-553-254-6571,1213
Hancock Kieth,8-883-234-4612,1320
Jenkins Sebastian,6-661-187-3145,700
Chappell Chris,5-858-312-1118,148
Poulton Aleksandra,7-343-148-3512,1237
Graham Oliver,8-312-522-2825,1374
Wooldridge Lynn,7-721-637-6316,1203
Dixon David,5-225-258-7676,203
Crawley Eden,6-345-234-8231,1390
Rodwell Isabella,5-227-634-1748,181
Tennant Celia,2-346-332-3661,620
Larsen Rhea,8-267-247-7523,571
Mcnally Joyce,3-863-173-1754,1825
Power George,1-476-464-7143,1063
Weasley Ally,1-524-426-7136,134
Watson Enoch,5-361-274-8657,256
Shaw Hayden,2-456-576-1534,1327
Andrews Melanie,6-653-887-7325,1255
Norris Cynthia,1-183-124-1687,561
Ramsey Denis,2-557-825-3874,1385
Vaughan Nancy,2-328-346-5362,1093
Stewart Miley,6-614-181-6854,1278
Ellison Martin,5-156-651-2444,221
Johnson Chanelle,5-617-166-8481,1201
Franks Harvey,6-616-118-2656,936
Jarrett Martin,7-843-876-2388,318
Sherwood George,8-775-671-4156,883
Quinn Shannon,3-887-122-1481,919
Graham Alan,8-651-575-1277,1031
Paterson Wade,4-387-682-4547,1568
Price Chloe,3-367-688-2666,1769
Ward Daron,6-733-575-7237,598
Thompson Enoch,1-255-548-4134,140
Poulton Sabrina,1-453-684-1877,992
Randall Denis,6-148-544-2477,655
Horton Cara,6-461-347-5875,260
Graham Dakota,8-482-645-2566,462
Todd Stella,6-227-137-4247,872
Nicholls Ronald,3-736-844-2362,565
Allcott Marla,2-621-148-6742,1950
Harris Gladys,8-185-477-4553,1998
Allington Liam,1-685-323-4153,275
Oldfield Mavis,4-645-713-5173,542
Yang Paula,4-268-441-2466,1171
Watson David,6-327-255-3376,320
Bayliss Matt,8-612-125-6734,1036
Ulyatt Gil,5-458-211-7328,1596
Barrett Caydence,3-244-615-6182,1040
Kaur Cristal,1-542-336-8487,1661
Willis Marvin,3-262-121-5218,1419
Raven Makenzie,5-745-233-1735,536
Andrews Anthony,2-767-588-1351,23
Patel Jayden,5-284-484-2771,221
Hunt Sadie,8-122-721-5415,1440
Utterson Percy,3-875-644-5887,1325
Cooper Harry,7-128-587-2325,1086
Vince Denis,2-426-512-2115,1138
Harrison Henry,4-257-254-2424,1647
Robinson Carl,8-821-645-2455,1820
Chapman Kieth,3-583-648-6137,452
Khan Tony,2-678-164-2468,14
Willson Liliana,5-334-777-2668,424
Warden Doug,2-753-381-2738,849
Russell Lauren,4-645-748-2633,926
Stone  Bridget,4-344-524-8864,420
Lyon Manuel,4-368-227-5852,1127
Jacobs Ronald,4-175-761-1151,1655
Clark Rosemary,2-417-717-1286,1433
Wilkinson Mark,5-587-344-8324,617
Richards Sofie,4-276-374-1286,1801
Sherwood Kenzie,8-517-158-6577,1141
Groves Lucas,6-261-458-6652,1011
Reyes Rose,5-721-272-7354,965
Callan Erica,2-537-342-5261,1778
Victor Liam,1-278-284-6454,856
Robinson Matt,1-672-352-8524,440
Whitehouse Natalie,8-754-536-3657,1759
Booth Harriet,8-722-531-3837,554
Reese Rocco,7-423-567-8773,773
Cadman Carrie,6-367-251-7877,1042
Briggs Beatrice,8-458-736-5521,1841
Parsons Analise,8-163-655-4526,1397
Clarkson Abdul,2-261-787-2721,1391
Greenwood Barney,6-636-877-3424,115
Atkinson Gabriel,6-327-182-3632,1709
Spencer Cadence,7-464-514-6583,1679
Dempsey Penny,7-657-565-3625,560
Gilmore Beatrice,8-137-383-6182,1263
Radcliffe Carina,1-853-443-1483,407
Ebden Estrella,7-737-135-5535,200
Lane Denny,1-848-157-3835,1995
Stewart Rosalee,7-241-243-7745,676
Adams Carter,3-822-837-2241,927
Overson Jack,3-775-536-3777,290
Marshall Madelyn,3-738-167-6768,169
Trent Miley,1-844-165-4355,1187
Wright Chester,2-255-232-4364,308
Vincent Evelynn,2-466-777-2476,633
Cox Peter,1-436-464-6578,834
Davies Johnathan,5-556-318-6434,114
Eddison Lillian,8-218-687-2486,1636
Ballard Greta,4-656-317-3832,1548
Fulton Louise,6-381-773-2177,771
Wallace Benjamin,3-774-765-4432,1700
Marshall Nick,2-775-348-8122,1186
Beal Clint,6-653-138-4522,1712
Salt Selena,8-255-585-5424,1696
Blackburn Ivy,2-148-543-7422,809
Jackson Abbey,5-424-388-8452,358
Eastwood Martin,4-128-113-5225,835
Redden Nate,5-323-516-4862,146
Anderson Hope,3-257-612-3212,1633
Bullock Chanelle,5-851-178-7557,1375
Mullins Eduardo,1-337-747-2623,8
Mullins Taylor,2-623-225-1253,727
Ebden Kimberly,4-113-185-2436,1311
Graham Erick,7-152-414-8164,425
Fall Aiden,1-788-728-6246,927
Roberts Chelsea,5-734-736-8768,292
Irving Maya,6-518-286-8858,737
Wright Abdul,6-686-168-5323,1785
Rainford Candace,1-716-614-8648,1699
Norris Manuel,8-321-132-4577,1870
Vernon Anthony,1-571-413-7863,1464
Miller Abbey,8-664-286-1157,930
Kerr Chuck,2-627-441-2375,1119
Goodman Erick,5-123-812-2483,841
Oswald Vivian,5-788-455-3777,1077
Graham Rick,4-463-172-2888,842
Samuel Robyn,8-456-276-3821,1430
Shaw Barney,5-757-586-4573,1247
Duvall Aiden,2-756-748-5576,228
Niles Ramon,1-757-328-7213,1910
Ballard Belinda,2-624-822-7765,430
Latham Elly,7-835-751-1633,1838
Irving Aiden,4-776-518-3168,32
Poulton Boris,8-874-335-5122,1361
Gregory Mason,3-723-274-3478,1382
Fox Carter,5-378-441-7327,533
Darcy Hope,3-324-417-4884,1104
Uttridge Adalind,5-372-677-5622,1981
Uttley Jacob,5-771-454-7386,1777
London Doug,8-731-644-5755,1705
Eagle Elijah,1-135-466-3261,1092
Kelly Doug,8-846-346-6481,415
Carter Nancy,6-852-755-3532,955
Morley Ryan,8-137-563-8773,696
Powell Lillian,4-582-828-2334,1065
Lynn Bridget,8-547-888-3733,52
Chappell Ryan,3-662-755-8341,1679
Partridge Wade,1-446-768-1745,620
Reid Chloe,2-277-168-6653,1332
Woodcock Carter,1-875-285-1583,1409
Bailey Ethan,3-516-278-2452,1484
Hall Michelle,1-857-364-4665,355
Mann Beatrice,8-814-275-3311,1456
Brett Grace,2-771-742-1347,203
Jacobs Oliver,6-635-526-3864,1194
Parker Wade,8-146-573-2137,1884
Noach Phoebe,6-236-444-7464,812
Denton Tyson,7-832-466-6473,898
Adams Morgan,3-135-133-5275,516
