name,phone_number
Saunders Anabel,2-736-811-4283
Rehman Chester,4-276-145-0776
Patel Natalie,5-338-651-0250
Quinn Logan,5-153-541-7787
Wright Maxwell,0-585-807-7438
Wade Lucas,0-152-204-6136
Collins Courtney,5-301-880-5538
Bailey Courtney,5-134-476-5353
Parker Sarah,3-582-001-0271
Jenkin Domenic,5-238-260-0012
Grant Sabrina,0-472-162-0352
Styles George,7-423-338-0133
Bolton Nicholas,4-707-018-7087
Lloyd Caleb,7-655-141-4777
Nurton Ronald,2-371-305-5544
Nash Bart,4-347-242-4668
Tailor Doug,8-104-184-6062
Wilkinson Alan,1-116-810-4382
Evans Morgan,5-125-756-4302
Vaughan Abdul,2-742-483-5517
Douglas Domenic,7-015-161-7451
Thomson Adina,7-043-521-4300
Parsons Ronald,5-067-626-3863
Myatt Chad,3-801-466-4643
Martin Peyton,5-043-212-3835
Callan Jack,1-708-661-4082
Edler Andie,3-241-146-7183
Saunders Eduardo,0-642-723-7448
Wade Leilani,0-515-720-5740
Spencer Harmony,6-141-524-3308
Myatt Peter,7-015-467-4775
Reid Lara,7-013-511-3867
Mcneill Mason,2-068-557-7230
Tate Marvin,2-556-314-3852
Coates Allison,0-476-112-6152
Pearson Lynn,6-636-600-3013
Murphy Leslie,1-061-236-7527
Vollans Ryan,3-831-546-1256
Weatcroft Mason,3-536-035-0808
Collis Daniel,0-074-148-1617
Jennson Payton,7-040-813-8812
Raven Denny,8-313-260-1710
Eddison Nicholas,8-173-141-8572
Abbey David,0-526-351-3043
Mackenzie Cynthia,2-208-300-6272
Tailor Barney,7-201-180-1835
Norman Caleb,1-286-545-2736
Owen Noemi,2-338-405-6322
Fenton Cara,2-532-755-0858
Emerson Chad,3-636-867-4856
Dobson Nina,7-544-840-1046
Ramsey Nicholas,4-707-412-6850
Jones Courtney,6-645-521-2135
Kaur Peyton,5-884-040-1475
Wren Tony,6-730-024-2807
Hall John,5-614-601-0557
Bingham Aiden,1-607-184-2858
Heaton Emery,8-865-264-7600
Grant Boris,2-721-401-2082
Whinter Lillian,7-554-370-6715
Ward Nina,0-862-868-0266
Butler Julian,8-630-810-0455
Bristow Logan,8-054-061-0201
Kaur Julius,2-876-536-1740
Jenkin Tom,3-157-031-2015
Rogers Hayden,4-378-637-5684
Tanner Gladys,1-141-325-0338
Norburn Lynn,7-501-775-4501
Tailor Denis,3-626-430-8630
Jennson Russel,8-485-776-1734
Driscoll Adelaide,4-303-176-5124
Asher Bethany,7-515-514-1141
Farrow Jocelyn,7-825-133-3361
Larkin Denny,2-615-772-2182
Ralph Nate,2-516-646-2880
Reading Vera,2-442-317-3344
Mann Destiny,6-221-100-7436
Cooper Henry,6-151-370-6405
Ingham Hayden,1-513-514-6673
Woodley Jack,8-140-565-1838
Malone Anthony,7-141-525-7126
Randall Aurelia,4-668-356-3443
Taylor Aurelia,6-744-657-4327
Lambert Camden,8-121-245-1586
Moss Vera,5-877-840-2726
Porter Estrella,3-412-643-2114
Knight Oliver,2-466-327-3381
Johnson Anne,3-042-256-0741
Murphy Bryon,6-532-030-3585
Mason Gabriel,1-203-358-1513
Thomas Macy,6-256-145-7472
Bayliss Melania,4-563-368-4362
Jarvis George,8-180-576-2277
Ashley Aisha,6-116-806-0405
Everett Carl,7-845-107-3821
Craig Tony,2-746-357-2545
Tindall Eduardo,5-743-554-3314
Williams Ciara,2-750-756-6477
Mills Adeline,2-807-276-1662
Cowan Noah,3-310-040-6844
Hall Louise,2-550-280-4060
Khan David,1-771-872-0664
Lomax Ruth,8-520-677-0122
Calderwood Greta,3-403-885-1522
Knight Peyton,8-744-444-3388
Hope Gil,6-583-026-1607
Vallins Belinda,8-072-151-3671
Fulton Iris,1-142-543-0373
Allen Angelina,0-467-464-2065
Strong Mara,8-016-770-5558
Ranks Carter,6-886-032-1127
Allcott Harvey,0-657-511-2654
Bristow Peter,7-070-255-1686
Stevens Adelaide,8-881-225-7818
Graham Chelsea,2-312-673-0363
Logan Josh,0-610-032-7633
Doherty Ember,1-610-617-3637
Tobin Anthony,4-173-066-1881
Fall Camila,5-782-827-5521
Nurton Samantha,8-618-022-5483
Porter Melania,6-183-036-8442
Drake Alex,4-420-502-1622
Driscoll Matt,2-886-088-3368
Mackenzie Ally,2-550-240-0624
Notman Angelica,4-502-165-4548
Morris Regina,0-418-018-0515
Waterson Fiona,2-627-138-6654
Overson Abdul,0-010-508-1041
Fleming Lucas,0-754-732-7208
Terry Nate,7-437-610-4041
Cattell Matt,6-665-646-7803
Yang Cara,7-008-853-4127
Stone  Peter,6-128-121-5327
Higgs Julia,5-336-686-0418
Noon Alexia,5-372-120-7648
Jarrett Sebastian,5-703-038-6806
Larkin Ron,6-103-500-0353
Emmett Cynthia,5-874-844-5046
Oldfield Clarissa,4-746-431-5344
Parr Logan,3-486-321-0224
Goldsmith Matt,0-463-615-5157
Rixon Matt,4-200-172-5407
Rixon Jack,4-221-114-7601
Benson Winnie,2-377-714-8141
Vernon Peter,0-656-411-7353
Gordon Angel,4-871-752-1182
Wilkinson Harry,0-607-407-0435
Rossi Jack,8-244-573-2584
Hall Clarissa,5-548-147-5547
Broomfield Rufus,3-440-872-8468
Jennson Alex,1-033-704-7766
Gosling Mark,5-861-877-1341
Stark Carla,1-780-284-4135
Taylor Benny,5-728-182-4061
Bennett Lynn,5-814-376-0656
Tindall Ethan,7-251-724-5121
Gordon Owen,7-178-847-1203
Kerr Adeline,1-615-106-6104
Ogilvy Makenzie,7-837-302-4775
Pratt Martin,0-465-383-4144
Callan David,0-641-873-2657
Bolton Margaret,7-287-605-5373
Scott Nathan,7-730-114-0233
Nanton Erick,7-075-675-7565
Partridge Chadwick,3-674-183-7266
Lynch Harvey,0-431-777-2877
May William,2-642-616-5583
Richards Nancy,7-174-567-0230
Rogers Bernadette,6-863-135-4234
Owens Nathan,8-474-483-7821
Little Wade,3-020-558-5201
Franks Sarah,7-405-531-7551
Button Bethany,8-311-131-2133
Patel Peyton,2-624-408-4153
Mcguire Chloe,3-578-886-7807
Taylor Benny,2-510-884-7260
Callan Russel,1-562-247-4545
Lloyd Marissa,7-154-732-5328
Nicolas Gemma,2-172-025-2346
Haines Boris,0-643-308-0157
Pitt Rosie,1-331-321-3523
Tyler Michael,7-060-645-6746
Bailey Alan,0-244-001-8152
Kent Oliver,1-180-232-0767
Dann Jacob,4-834-683-2782
Denton Bree,8-162-885-6465
Robe Kieth,3-662-073-1176
Bennett Denis,2-064-030-5846
Kennedy Michaela,3-675-837-1186
Dillon Sydney,0-754-673-3810
Dallas Samara,6-250-046-4005
Chester Laila,8-775-825-0722
Whitehouse Lynn,6-543-403-8263
Saunders Michael,7-478-614-1346
Owens Ilona,3-360-066-3522
Harper Tyler,4-018-302-3321
Pearson Mary,2-058-864-8827
Rowe Lorraine,8-567-336-2262
Shepherd Tyler,0-486-101-4530
Hopkins Bob,0-710-273-6538
Walker Ronald,7-758-337-4300
Emmott Juliette,0-272-711-3516
Bristow Aisha,7-470-106-6616
Adler Angelica,4-004-586-3552
Healy Faith,2-417-646-7206
Clark Sonya,4-646-468-4028
Hunter Claire,8-163-224-2083
Ulyatt Naomi,7-063-147-8142
Edwards Drew,3-780-818-0227
Osman Jocelyn,5-533-735-0445
Irving Henry,0-101-667-1821
Harrison Clarissa,7-455-652-5182
Ralph Bryon,2-437-570-0257
Tobin Chad,5-011-572-0803
Booth Marissa,0-185-448-4830
Tindall Mya,1-866-278-0614
Russell Marvin,5-235-858-0614
Ebbs Percy,1-706-848-8265
Farrell Julia,4-611-478-5848
Upsdell Percy,1-514-278-7163
Tennant Harry,8-688-185-8032
Nicholls Peter,7-576-776-6516
Milner Mason,5-378-535-2481
Buckley Alan,4-616-548-5756
Whatson Monica,0-724-883-5530
Allwood Rick,0-850-241-7808
Maxwell Bart,5-121-431-5657
Tanner Hayden,1-757-524-8051
Niles Zara,8-152-130-3073
Shields Marissa,2-825-625-1318
Fox Caitlyn,1-581-286-4043
Gunn Beatrice,6-641-806-0345
Hancock Courtney,7-337-642-3711
Shields Madison,8-611-583-5564
Clark Tony,2-454-285-5156
Roberts Johnny,7-203-380-5241
Hill Jocelyn,7-522-410-3551
Forth Johnny,5-432-306-2601
Michael Julian,1-035-537-4347
Booth Russel,6-425-768-6082
Allcott Peter,8-103-032-4241
Ingham Carl,1-830-725-1741
Hall Christine,0-321-835-1332
Johnson Sonya,2-641-275-1424
Cartwright Abdul,3-416-574-7286
Radley Gina,4-068-038-1000
Coll Rocco,8-057-377-8152
Maxwell Ivette,3-440-246-4450
Whatson Hank,4-165-068-1276
Skinner Benny,7-166-546-5586
Drummond Lucas,4-067-853-0753
Rogers Vanessa,1-534-116-3738
Bradshaw Noah,5-686-546-2176
Tailor Morgan,2-135-843-8511
Selby Marvin,2-385-143-1554
Sinclair Anthony,4-464-070-5833
Buckley Owen,1-645-658-6814
Knott David,4-618-834-0458
Spencer Caydence,4-421-860-8172
Chadwick Mandy,5-503-480-1238
Silva Valentina,2-858-422-3725
Yarlett Martin,5-260-363-7553
Morgan Fiona,2-827-505-1124
Farrell Analise,6-667-845-8586
Lakey Lillian,3-043-601-8068
Chadwick Julianna,0-345-211-7741
Kelly John,2-311-316-0710
Gilmour Lauren,5-877-318-1301
Page  Cassidy,2-015-376-6576
Bayliss Doug,5-357-032-7526
Jarvis Valentina,8-008-827-7048
Taylor Daniel,3-015-485-8423
Coates Jack,3-778-456-4667
Dwyer Judith,3-077-324-4000
Young Kieth,5-750-833-1507
Khan Judith,3-460-765-3343
Mackenzie Denis,6-780-168-8174
Parsons Maxwell,4-700-151-5305
Shields Cara,3-058-344-7162
Needham Lara,2-841-238-5337
Lee Rhea,4-843-275-0142
Rose Chloe,6-376-672-3434
Driscoll Morgan,5-210-833-2170
Gordon Jessica,7-073-638-0505
Forester Regina,3-072-563-7218
Taylor Chad,1-855-805-4403
Reyes Renee,5-040-527-0874
Hunt Tom,6-633-148-5387
Reading Marina,4-686-772-1685
Myatt Henry,8-718-156-7686
Lakey Chuck,6-428-784-1861
Shields Clint,8-461-775-5774
Briggs Julius,0-804-124-2560
Sinclair Morgan,8-461-827-1245
Hope Gil,5-330-771-0567
Powell Mya,8-011-276-3128
Moore Hayden,6-473-845-1208
Flynn Mabel,7-834-212-1334
Jones Josephine,2-018-023-0734
King Ivy,6-126-174-1835
Nash Camellia,1-484-028-1805
Hopkins Mya,0-006-053-1162
Upsdell Deborah,1-623-677-3383
Cork Benny,1-206-270-7275
Watson Marie,2-124-580-1616
Hobson Phillip,5-131-878-8642
Bishop Daron,4-367-771-2672
Robinson Deborah,4-705-832-1438
Taylor Penny,4-626-866-3387
Knight Domenic,3-481-283-7368
Pickard John,7-375-776-8556
Denton Marilyn,3-168-877-0367
Grey Phillip,2-464-634-0021
Snell Francesca,7-334-523-2085
Giles Skylar,8-066-806-0721
Button Freya,0-472-231-8334
Ebden Matt,4-774-851-0436
Harris Bryce,5-026-502-5028
Weston Chuck,6-322-765-0368
Farrant Ramon,0-446-533-2160
Matthews Manuel,6-557-013-0046
Fall Logan,6-565-725-5624
Baker Russel,1-425-872-7010
Reid Mabel,3-085-275-5043
Ainsworth Carl,7-236-488-5101
Wilson Alex,4-556-561-6270
Doherty Martin,4-723-410-6724
Grady Felicity,7-747-460-3857
Bishop Bernadette,0-466-020-3767
Healy Raquel,7-218-627-3312
Cooper Sofie,8-548-286-3576
Matthews Havana,0-604-824-5487
Bennett Mary,0-438-684-2177
Yarlett Amelia,5-328-543-6171
Chapman Rosemary,1-505-602-1370
Mann Rocco,5-151-288-0670
Skinner Denny,3-463-220-5720
Boden Caleb,8-486-440-8200
Blackburn Ally,8-140-786-7054
Reese Liv,3-302-640-2831
Parr Lillian,2-635-805-5601
Fox Rylee,3-318-705-8868
Roberts Johnathan,2-170-624-3176
Gavin Amy,5-814-687-5128
Samuel Lucas,6-661-082-4205
Hunter Cassandra,1-210-672-0431
Ingram Sofia,0-405-416-4145
Connell Carissa,6-181-283-7073
Khan Ron,2-288-054-6808
Victor Catherine,1-532-312-3486
Swan Leroy,3-114-802-7562
Wood Ronald,1-827-575-4315
Bentley Manuel,7-011-212-6734
Gray Molly,0-683-422-5582
Adler Doug,6-078-538-4415
Cork Melody,0-724-313-6115
Myatt Barry,3-286-538-7454
Andrews George,2-770-575-7571
Rogers Valentina,7-634-761-2287
Franks Dorothy,2-683-774-3344
Wood Logan,5-150-688-7201
Hammond Ellen,5-812-434-8766
Rogers Bob,2-780-145-1265
Newton Rowan,4-821-347-4222
Alldridge Sofia,2-838-335-3014
Cox Hope,5-460-083-8343
Dale Abdul,5-677-377-2251
Uddin Carl,7-154-138-7511
Middleton Daron,4-852-577-3254
Walker Jayden,1-082-020-2778
Radcliffe Mandy,0-562-547-3871
Henderson Caleb,7-006-656-4280
Ventura Mark,0-622-802-6818
Moreno Dakota,1-008-853-7726
Farmer Rosie,2-614-242-1481
Newton Savannah,0-866-083-2710
Hilton Leroy,8-056-064-1836
Mcleod Anthony,4-166-226-8481
Brooks Kieth,8-036-502-4342
Olivier Liam,8-300-437-6433
King Tyler,5-548-442-8803
Roscoe Rosalee,6-136-670-0805
Jennson Laila,5-820-418-6831
Evans Carter,3-851-578-2058
Verdon Claire,5-435-203-8637
Spencer Kieth,1-054-206-8331
Ianson Nicholas,8-608-130-4848
Mccormick Lucas,2-120-680-8033
Healy Julius,0-847-700-0284
Cartwright Carla,0-056-526-2006
Adams Kieth,5-641-534-0005
Cox Macy,8-350-037-8753
Widdows Mike,7-315-703-5320
Ellery Gloria,0-411-853-6361
Ellery Carmella,8-861-461-5805
Yates John,0-305-278-2414
Yang Maxwell,8-338-866-3470
Adams Mina,5-155-705-0555
Alexander Ron,4-450-286-4553
Bailey Adina,7-147-745-2585
Hopkins Piper,7-725-008-8280
Shields Bernadette,5-827-402-4064
Hastings Hank,8-648-376-6278
Benfield Rocco,8-577-756-5568
Davies Mara,6-407-860-5415
Ashley Rocco,5-478-235-4863
Overson Callie,0-687-138-7615
Fox Florence,1-518-188-1802
Dixon Lexi,5-244-264-6177
Ring Violet,6-632-513-3532
Ashwell Denis,7-858-562-3606
Dempsey Francesca,3-211-004-2685
Radcliffe Bristol,6-027-268-1272
Olivier Anabel,8-244-388-2203
Wheeler Ryan,2-531-806-5787
Rogers Valerie,0-270-412-3401
Pope Nathan,7-138-228-5411
Marshall Jacob,4-561-462-8137
Pratt Brooklyn,1-288-637-5477
Nanton Alma,6-677-577-7284
Owens Cedrick,0-011-884-1217
Mason Carter,1-822-471-4404
Hamilton Mark,0-842-184-3661
Vollans Kaylee,3-584-286-2510
Weldon Michael,5-154-821-2558
Evans Chanelle,2-501-850-7001
Abbey Cristal,3-318-187-5063
Villiger Doris,0-345-500-0182
John Enoch,0-537-637-2404
Needham Danny,4-363-287-5454
Vane Sarah,1-251-404-3358
Emmott Mayleen,8-401-124-6187
Horton Audrey,1-621-640-1337
Edler Charlize,0-132-506-0433
Hilton Jack,0-638-082-5272
Myatt Fred,0-622-026-8548
Fox Dasha,1-862-551-6087
Lambert Chelsea,8-487-488-7002
Sylvester Bart,0-781-113-3000
Ryan Melody,6-347-430-0503
Seymour Lorraine,7-580-815-1850
London Logan,4-864-350-6540
Clark Bart,2-873-084-3008
Bingham Gemma,3-867-245-5273
Redfern Ally,0-405-157-0665
Michael Gabriel,8-640-743-6620
Weatcroft Carol,5-084-643-4032
Graham Ciara,1-022-356-5236
Button Lara,6-655-114-6603
Stanley Tania,6-165-704-6870
Alcroft Thea,6-578-686-2650
Allwood Aiden,3-187-827-0508
Jefferson Zoe,6-752-148-0237
Cowan Rosalyn,4-152-283-7728
Vass Julius,0-601-064-8072
Summers John,8-482-635-4353
Funnell Adalie,8-225-320-4365
Adams Caleb,1-708-408-3268
Pierce Michael,2-371-050-6468
Boden Erin,0-267-303-5534
Upton Joy,8-555-142-8736
Williams Nathan,3-201-753-0802
Pitt Samantha,7-354-446-7020
Wright Cecilia,3-200-482-2326
Logan Bethany,5-521-240-4627
James Clint,1-611-426-6824
Gordon Benny,8-370-271-4073
Grant Liam,4-714-360-6148
Little Greta,5-060-044-3376
Hamilton Carina,6-267-171-1188
Patel Lexi,1-303-528-8035
Henderson Carl,4-365-330-7706
Oakley Lana,7-712-021-0631
Lucas Cadence,1-326-405-7123
Craig Nicholas,4-851-441-2123
Archer Chad,5-332-536-3788
Dubois Tyler,5-778-074-6785
Simpson Maria,1-833-111-7704
Ross Marvin,1-517-606-3448
Cobb Hayden,4-462-772-7554
Radcliffe Beatrice,8-632-235-1775
Larsen Beatrice,4-740-223-3310
Thomas Tania,8-521-283-7067
Lewis Adalind,5-863-542-7043
Gordon Bob,2-214-412-1442
Middleton Hanna,7-725-007-4460
Forth Shay,4-676-484-7421
Quinton Havana,3-203-158-2164
Riley Rosa,6-330-006-6646
Farrant Zoe,2-038-830-2561
Tennant Josephine,5-011-150-1700
Kennedy Rick,5-456-380-1253
Parker Aiden,7-675-731-5352
Ward Marvin,1-370-546-0141
Emmott Christine,6-466-852-1141
Mcleod Anthony,1-836-870-8637
Savage Sofia,5-334-077-7756
Thomson Ellen,1-382-068-1033
Becker Drew,7-386-655-6052
Spencer John,0-705-007-2351
May Francesca,3-016-300-4585
Becker Jacob,3-283-550-1273
Grady Nick,0-345-613-0351
Lowe Anabelle,1-086-638-0564
Stewart Peyton,6-321-054-2484
Owen Chadwick,8-315-438-1765
Williams Bethany,6-615-712-0308
Gilbert Leslie,5-824-351-2576
Lee Maya,5-544-045-6772
Power Isabella,0-068-105-7301
Parker Ruby,1-288-864-6534
Ellis Michaela,1-315-422-4166
Roth Danny,1-331-705-4838
Antcliff Peyton,4-245-766-0753
Snow Danny,0-116-765-1027
Cattell Willow,4-752-808-8213
Grady Marvin,5-763-774-6124
Reid Daron,2-165-314-0814
Vane Hank,8-034-745-1543
Allen Angelina,5-362-365-0377
Mason Vera,7-475-127-1887
Cork Penelope,5-228-873-5427
Pearce Denis,5-468-712-0562
Bishop Victoria,3-742-844-1578
Latham Brad,0-571-684-3282
Salt Amelia,6-461-781-5750
Devonport Chad,8-700-000-8711
Mann Angelique,4-483-684-0168
Glynn Nathan,7-206-504-3814
Morris Julian,6-587-010-2552
Tait Violet,6-218-850-4033
Fox Lucy,5-678-473-4600
Attwood Cameron,6-332-156-5057
Olivier Cara,4-532-585-7638
Lomax Ethan,4-088-347-5015
Andrews Wendy,6-215-118-1663
Clark Melanie,6-028-041-8574
Nanton Noah,5-255-551-3120
Harrison Daron,3-250-408-8767
Lambert Julian,6-218-805-4176
Bailey Brad,7-086-375-3235
Exton Logan,3-866-736-8103
Button Emmanuelle,0-731-261-7604
Steer Nate,0-635-001-1004
Pearson Carter,7-832-162-3048
Murphy Vera,2-517-237-4570
Slater Bethany,6-258-128-6627
Gregory Ron,5-767-558-3760
Barrett Jacob,2-524-835-7781
Sinclair Ruby,8-888-217-7010
Shea Lucas,4-788-154-1033
Quinnell Belinda,0-653-043-8708
Giles Clint,4-046-322-0020
Wade Joseph,7-544-006-3450
Bishop Michael,0-781-186-0752
Donnelly Matt,6-321-460-2537
Riley Charlotte,4-768-268-1287
Cox Denis,6-712-466-1380
John Eve,2-526-154-0834
Yarlett Caleb,1-333-524-6158
Shields Dalia,4-680-218-6508
Flett Jules,7-766-610-8455
Anderson Chris,3-661-114-2444
Robinson Hazel,6-241-867-3712
Blackburn Rufus,2-230-742-8262
Mullins Ilona,3-227-552-1142
Irving Andie,8-578-808-1138
Hepburn Drew,8-687-420-4746
Brooks Gil,1-862-728-6831
Stewart Cherish,0-774-441-3540
Dann Domenic,7-312-780-2662
Calderwood Ciara,7-452-474-8521
Cavanagh Danny,3-124-257-4183
Drake Morgan,1-114-585-0867
Wooldridge Susan,7-800-038-4476
Parsons Johnny,2-586-757-3050
Carter Daron,2-451-506-2836
Wild Willow,6-373-426-2702
Noach Nate,7-380-252-8155
Rossi Henry,6-400-726-6664
Fenton Eduardo,6-473-033-4354
Cann Enoch,1-270-555-2024
Hancock Laila,5-253-031-6723
Stevens Rosemary,1-345-884-4741
Judd Jamie,4-482-717-1011
Olson Emely,4-553-820-5677
Wright Chester,3-010-061-2203
Shields Gabriel,3-330-388-2760
Penn Felicity,7-041-466-8818
Hope Sonya,2-504-702-2462
Crawford Ethan,2-308-234-2528
Stewart Domenic,3-214-668-2651
James Peter,4-677-446-5084
Bingham Ronald,8-641-687-1560
Mason Alison,5-360-706-8312
Maxwell Juliet,1-186-882-0005
Neal Ada,0-070-258-5241
Adams Tyler,2-377-100-4724
Gonzales Oliver,3-531-337-2214
Cartwright Bob,8-342-616-6164
Mills Rick,2-450-732-5103
Rees Julia,0-630-145-3614
Mould Ruth,3-667-010-7532
Brooks Jayden,2-487-866-4334
Gates Marigold,7-352-461-3347
Exton Elisabeth,1-874-221-2255
Walton Jade,2-222-110-1781
Drummond Hannah,1-308-643-4584
Harris Maya,1-862-820-0147
Vangness Thea,0-736-120-8553
Pearce Candace,5-363-440-7275
Moore Bart,1-408-233-7465
Richards Gwenyth,3-074-613-7643
Ward Maia,4-512-307-0540
Mccormick Manuel,8-878-074-2801
Neal Nate,6-554-312-8520
Thornton Katelyn,4-334-658-7536
Eddison Josephine,5-117-342-8756
Rosenbloom Matt,3-585-426-5558
Bradshaw Davina,8-263-302-4118
Grady Meredith,4-772-074-0305
Pearce Matt,4-483-028-5838
Maxwell Josh,3-665-210-7758
Young Daniel,7-568-428-5247
Fox Doug,7-324-155-5382
Asher Cynthia,6-234-706-2500
Mann Holly,4-165-508-3243
Nanton Hank,2-660-227-8037
Willson Maribel,6-236-661-1256
Harris Ciara,0-808-648-7301
Williams Maya,1-261-735-0162
Noach Cherish,4-033-558-1386
Higgs Emmanuelle,7-340-750-8750
Groves Rosalee,6-252-472-3560
Matthews Greta,8-731-662-7116
Fall Danielle,1-731-784-0241
Bryant Audrey,6-703-000-0275
Moran Noah,1-341-661-7374
Whitehouse Denis,4-700-160-3122
Gosling Tony,4-458-158-7880
Dyson Vicky,3-172-514-3747
Tindall Enoch,2-175-002-8155
Brooks Adelaide,7-082-418-0404
Scott Marvin,5-011-615-6037
Roman Peter,8-255-274-7544
Dubois Barry,6-705-312-0341
Flack Carissa,8-441-540-1372
Wright Joseph,4-551-330-2217
Truscott Leslie,7-144-637-0830
Smith Adeline,3-235-455-7803
Campbell Joseph,2-331-313-2370
Waterson Ruby,5-100-147-0628
Redfern Rosalie,2-300-207-5078
Eastwood Crystal,7-542-501-6824
Roth Tony,5-026-738-0608
Barclay Marie,1-211-252-1668
Daniells Bob,3-645-160-8511
Craig Lauren,7-427-314-6122
Thatcher Alma,3-576-346-0426
Camden Sebastian,5-004-342-2306
Baker Ivy,5-236-765-0343
Rowlands Rosa,8-813-120-1278
Flack Rita,1-685-484-2881
Stevens Martin,6-505-443-3835
Uttridge Faith,0-464-547-5572
Rycroft Rick,8-128-534-6737
Oakley Boris,6-506-302-4155
Whinter Moira,8-223-064-6051
Lunt Dalia,6-368-617-0656
Curtis Rufus,0-533-536-4034
Cann Bart,4-341-087-6854
Everett Priscilla,4-666-386-4275
Lakey Laila,3-346-774-3042
Harris Daron,5-678-160-2565
Shepherd Jolene,1-654-253-5177
Parsons Rachael,6-140-238-5853
Furnell Rhea,6-604-352-2860
Archer Sabrina,4-806-275-3151
London Bob,6-013-328-4730
Chapman Nina,2-700-370-0456
Hopkinson Megan,4-433-564-7456
Huggins Janelle,1-663-020-3505
Parsons Johnathan,4-561-768-2852
Thomson Chad,3-337-608-6722
Lyon Abbey,8-373-273-7857
Vaughn Rocco,6-117-358-1563
Riley Joseph,6-475-473-5678
Latham Aiden,3-782-008-6047
Hall Julian,6-008-050-4617
Partridge Tony,3-283-547-7602
Dale Maddison,3-370-558-5788
Ranks Tom,0-747-572-7437
Dallas Manuel,2-853-700-3375
Durrant Kurt,4-841-077-8540
Tanner Oliver,7-318-602-8345
Reid Catherine,4-617-542-4765
Wade Nathan,2-038-144-8560
Ebbs Caleb,4-056-014-8312
Morrow Nicholas,4-426-085-3051
Ross Angelica,0-364-870-7170
Wooldridge Tara,6-266-113-0331
Simpson Hank,0-045-087-8463
Mills Mayleen,3-351-026-7741
Nobbs Lynn,8-234-877-1336
Malone Julian,6-836-866-0784
Owen Wade,1-031-678-2385
Waterson Wade,0-138-680-7040
Rothwell Kieth,4-382-258-2052
Gonzales Rufus,5-313-748-5448
Truscott Dani,8-802-487-8021
Reynolds Sienna,1-660-152-6355
Duvall Rocco,8-337-352-1581
Bailey Miriam,3-724-204-6773
Watson Maia,5-356-780-5838
Flanders Gabriel,1-673-753-4314
Stone  Elijah,5-437-505-1248
Bradley Samantha,8-745-544-0086
Ballard Bernadette,0-318-570-4808
Farrell Henry,3-330-055-4683
Shields Aiden,4-401-140-7281
Atkinson Peter,8-361-835-5453
Eaton Angelica,6-256-158-4062
Harris George,0-382-805-2118
Addis Harvey,8-378-841-0335
Vaughan Alice,3-888-305-0602
Clark Peter,0-378-615-5820
Redden Gabriel,0-458-517-2287
Farrant Harvey,6-664-458-0563
Doherty Morgan,0-588-540-1427
Neal Alexander,0-708-867-1448
Michael Doug,8-842-201-5871
Thorne Benny,2-356-018-6543
Morris Liam,0-308-412-4755
Welsch Julianna,8-172-027-0826
Chadwick Gwenyth,2-880-134-4711
Thorpe Abdul,5-004-447-4610
Raven Kieth,4-624-002-7643
Ward Lorraine,3-503-804-7113
Cox Eve,2-784-248-0854
Osmond Angelina,3-411-530-1065
Reading Danny,4-005-644-7488
Robinson Sebastian,5-376-563-6028
Weldon Marvin,6-273-025-8584
Patel Clint,8-121-074-6772
Blackburn Denis,8-757-731-2052
Groves Esmeralda,7-825-586-7878
Fenton Gina,4-003-068-6361
Shepherd Fred,1-677-187-8561
Rodwell Cherish,7-778-707-0480
Vane Cherish,4-536-405-2806
Farrant Clint,4-325-577-5720
Vincent Javier,1-861-163-8237
Whitehouse Carrie,7-620-725-0643
Devonport Carter,6-162-040-0244
Dowson Camellia,1-774-226-0083
Fenton Leah,1-272-342-0550
Dillon Alex,4-652-108-7675
Gilbert Catherine,1-774-887-8521
Taylor Gil,2-142-785-2313
Collis Bryon,5-852-258-6640
Exton Emely,1-205-774-4322
Hamilton Carter,4-613-643-5582
Tailor Benny,4-812-800-0075
Irwin Cherish,5-280-401-0366
Vass Bob,5-021-680-4103
Tanner Peter,5-262-610-2020
Murray Melody,4-444-843-8446
Robertson Percy,1-765-163-0846
Griffiths Jennifer,8-815-558-5470
Drake Angel,7-258-081-2548
Callan Nick,4-060-008-4211
Goldsmith Ruth,2-757-562-6777
Boden Boris,3-550-631-4082
Knight Daron,8-365-648-7818
Jenkins Enoch,1-814-721-6516
Ellwood Felicity,6-555-086-4017
Kidd Michael,6-405-232-0662
Tailor Peyton,7-578-000-2430
Moore Samantha,8-861-350-1114
Buckley Caitlyn,7-735-745-4375
Owen Bryon,8-548-351-6000
Dickson Julian,3-540-434-6043
Alldridge Chad,5-756-161-4646
John Roger,7-242-370-6341
Thatcher Sebastian,5-847-461-1433
Mccormick Emma,8-825-837-6011
James Anthony,4-040-788-7074
Roth Jenna,6-178-316-4251
Carter Violet,8-361-315-4735
Hastings Percy,7-311-308-7227
Hall Kieth,6-873-407-5123
Niles Megan,3-427-055-7388
Kerr Gloria,1-430-856-7418
Farrant Peyton,2-775-864-6801
Rycroft Daniel,4-731-174-5827
Griffiths Ruby,8-170-335-5133
Mason Freya,5-283-272-6677
Connor Andrea,8-475-207-6101
Russel Ellen,6-070-110-5331
Lynch Brad,4-028-685-6477
James Violet,1-722-430-5872
Sinclair Nate,0-335-742-1712
Shepherd Ellen,5-015-514-5071
Hudson Isabella,0-461-425-0316
Sherry Priscilla,0-101-800-8558
Tanner Aiden,3-540-230-2318
Janes Chris,5-085-544-8787
Wilcox Elena,8-111-316-7566
Santos Winnie,6-727-652-4636
Dobson Chadwick,6-510-483-2866
Baldwin Josh,3-272-572-8684
Ballard Melody,4-730-130-0456
Hunt Tyson,8-414-731-3436
Corbett Denis,7-242-007-0250
Ballard John,7-155-478-1704
Nicholls William,3-020-211-1148
Cadman Hayden,2-434-485-2715
Broomfield Johnathan,4-475-776-2280
Milner Harry,0-052-218-2508
Robinson Carl,1-140-246-5633
Driscoll Anthony,2-437-701-6430
Kennedy Camden,7-754-350-1303
Walton Chad,3-273-880-1514
Morris Luke,5-185-657-8774
Wild Gil,0-232-163-2456
Morris Fred,1-400-564-2067
Wilde Ruby,4-882-180-3611
Quinnell Bryon,5-370-306-2730
Norburn Shelby,1-548-087-5645
Hunter Emerald,6-873-515-6877
Heaton Sofie,1-428-321-0520
Freeburn Ember,6-331-485-7555
Lyon Makena,6-604-164-1166
James Kamila,2-524-650-4361
Garner Mark,8-630-172-8158
Nash Marjorie,2-641-385-0205
Janes Javier,2-334-112-3250
Thornton Erin,3-647-042-6282
Eddison Noah,4-246-415-7246
Pope Marigold,3-706-415-4474
Reid Keira,1-314-437-8132
Maxwell Scarlett,4-016-243-3751
Cann Kieth,7-515-206-7328
Simpson Paige,5-633-400-4574
Martin Hanna,4-528-071-4168
Egerton Ruth,6-863-407-1270
Tutton Daron,8-307-782-6887
Dickson Estrella,4-637-147-6018
Radcliffe Alma,3-487-875-6507
Vangness Daniel,8-743-775-4310
Addison Maia,3-885-183-3001
Reading Enoch,1-303-276-2553
Lucas Skylar,1-675-323-5016
Weasley Willow,6-424-273-8161
Weasley Chester,2-320-152-2158
Andrews Jamie,3-758-314-1376
Woods Sonya,5-136-713-6761
Fields Rufus,3-651-385-2012
Button Kenzie,0-431-186-0112
Herbert Rick,8-864-787-6144
Snell Alessandra,0-144-416-3285
Sloan Ciara,4-372-782-1464
Jarvis Bryon,2-766-338-8676
Sheldon Harry,5-773-141-6626
Wilson Stella,6-607-731-4280
Gray Caleb,6-047-064-5705
Lowe Chris,0-486-482-8770
Ellison Alba,5-736-050-5675
Weatcroft Leilani,8-828-154-6038
Vinton Matthew,2-675-240-8677
Lynn Luke,6-002-410-7502
James Rocco,7-066-323-0088
Cooper Eduardo,2-315-108-8267
Trent Nathan,0-624-720-5001
Noach Dakota,8-034-115-1855
Harper Irene,6-072-508-3641
Ring Benjamin,2-041-028-1338
Healy Juliet,6-672-317-8283
Whinter Michael,3-733-287-7144
Preston Ryan,6-431-206-8583
Gunn Johnny,7-560-436-4042
Exton Eduardo,5-367-222-7426
Boyle Jack,2-306-158-4740
Graham Mark,4-773-163-2143
Nicolas Zoe,0-337-531-5345
Wilkinson Matt,5-267-483-5324
Nurton Angela,2-536-484-3028
Campbell Josh,4-376-736-8648
Spencer Lara,8-023-212-7178
Payne Carl,1-370-741-0373
Swan Emery,7-763-214-0041
Robinson Benjamin,1-876-757-2582
Nicholls Norah,5-305-808-3046
Rossi Livia,3-378-858-3057
Freeburn Renee,1-610-863-6340
Wood Mandy,7-204-868-2122
Hooper Hadley,3-471-432-3353
Maxwell Phillip,8-283-825-6426
Reid Manuel,5-772-712-8670
Patel Adeline,7-300-823-7386
Chapman Harry,8-535-736-5710
Denton Gabriel,5-036-608-1268
Nelson Juliet,4-752-568-0333
Norris Barry,4-803-821-2587
Wellington Holly,2-664-771-8468
Bloom Michael,5-825-165-2543
Hunter Wade,2-638-006-6581
Milner Ryan,4-243-155-5514
Pope Sabrina,0-206-185-6304
Evans Eduardo,3-341-607-2008
Chapman Carina,0-141-765-2848
Dallas Kamila,8-371-752-2622
Bennett Mavis,2-060-286-1431
Redfern Rosalie,3-824-013-5262
Bradshaw Danny,4-185-470-7787
Dobson Enoch,8-407-317-7061
Villiger Danny,7-862-406-3354
Benson Keira,1-361-156-7645
Mitchell Ilona,0-134-420-7144
Russell Amelia,0-328-126-6007
Pickard Kieth,1-162-202-2108
Ogilvy Brad,1-152-417-2260
Mcgee Daron,1-356-205-8715
Mullins Samara,2-284-735-7352
Goldsmith Eduardo,8-826-000-7323
Parker Chester,2-454-800-8646
Cork Bryon,0-043-860-7888
Gunn Luke,7-613-645-8868
Jones Ramon,2-604-267-3784
Blythe Hazel,4-656-251-0327
Forester David,1-646-705-2837
Neal Melinda,8-187-313-2028
Cavanagh Barry,3-760-862-0470
Pond Harmony,7-271-051-2287
Bayliss Noah,6-165-138-1671
Vinton Liam,5-172-313-7371
Gregory Roger,4-622-022-2047
Gilmore Ron,4-001-325-1152
Farrell Noah,7-838-275-8578
Purvis Katelyn,0-338-762-2707
Poole Domenic,5-584-734-1070
Nicolas Renee,4-123-630-7136
Neal Clint,1-314-313-8730
Wise Aileen,2-582-667-5731
Gavin Morgan,4-561-788-6641
Jenkins Harry,2-724-504-5348
Cork Clint,4-632-743-1683
Nurton Martin,7-307-423-0154
Wigley Carter,1-218-231-0170
Poulton Gil,0-316-876-0313
Briggs Claire,5-674-248-4644
Giles Joseph,1-277-028-6463
Eastwood Lucy,7-057-254-4843
Duvall George,5-513-308-1343
Owen Harvey,2-117-275-6762
Rees Hanna,2-243-230-7480
Clifford Fred,6-034-162-7353
Douglas Irene,7-404-617-0005
Vane Nathan,5-161-580-6276
Weasley Tania,7-780-410-8843
Rowe Madelyn,0-380-872-2724
Booth Matt,2-271-642-1044
Quinn Miriam,1-266-046-8855
Campbell Jacqueline,0-645-306-6612
Flett Noah,2-344-450-5477
Edwards Nate,2-250-361-3081
Vollans Michael,5-536-165-5010
Allcott Domenic,2-560-633-3410
Thorne Carter,2-522-640-8311
Benfield Isla,2-487-261-4214
Yard Javier,0-255-063-3776
Janes Daron,1-571-661-0112
Slater Logan,3-162-378-1454
Jenkin Erick,6-113-372-5237
Roberts Eileen,1-420-840-5135
Gray Ally,0-255-332-8084
Lloyd Sofia,8-348-788-0231
Stone Percy,0-678-415-0611
Paterson Hank,3-248-826-6855
Blythe Rosalie,8-244-518-3154
Murphy Denis,5-362-265-0717
Gibson John,7-130-041-4550
Willson Alison,0-845-170-4821
Drew Noah,3-251-764-0142
Roscoe Maxwell,6-127-458-8612
Poulton John,1-086-110-3876
Moreno Gabriel,6-035-187-6027
Roberts Jack,5-482-427-1444
Glynn Jacob,1-318-081-6763
Thompson Chris,8-582-166-4830
Mcnally Ruth,4-705-734-6177
Marshall Denis,5-171-732-8512
Cowan Winnie,3-687-652-8574
Alcroft Brad,3-040-388-7473
Janes George,2-723-772-4883
Varley Martin,4-067-384-4610
Mitchell Esmeralda,1-038-266-6401
Cooper Candice,1-466-222-4153
Hardwick Kurt,1-031-853-8543
Ward Shelby,5-552-853-1423
York Julius,7-657-575-3601
Andrews Peyton,8-223-247-4013
Hopkinson Andie,5-063-150-7752
Harrison Dorothy,8-404-011-1082
Dempsey Tania,6-331-347-5262
Clifford Maxwell,3-611-254-4083
Thomas Alma,0-712-750-4105
Drew Noemi,1-321-887-3705
Waterhouse Ethan,3-460-534-4580
Alldridge Adalie,4-055-112-6523
Bradley Mandy,8-155-780-5358
Gallacher Carol,6-303-777-7488
Lambert Chanelle,8-366-775-4246
Simpson Denis,6-051-358-1200
Mann Elena,5-551-036-8721
Bloom John,0-455-880-4371
Wallace Matthew,1-560-737-5751
Rainford Amy,1-383-561-6346
Gates Hank,2-787-587-2511
Bradshaw Luke,6-043-722-8775
Shaw Nathan,1-128-353-0528
Mackenzie Kimberly,7-728-260-3030
Tanner Aisha,0-124-330-3712
Glass Johnathan,4-145-341-8467
Vince Mike,1-876-708-3037
Potter Chelsea,0-163-537-7833
Armstrong David,6-564-021-8240
Benfield Kenzie,0-077-668-3031
Vincent Sarah,0-333-775-4624
Hudson Barney,7-135-566-7556
Dickson Domenic,4-220-377-7151
Oswald Oliver,3-422-474-7053
Mason Elijah,7-764-618-3830
Durrant Janelle,8-736-114-0247
Cartwright Ivy,2-662-268-3761
Greenwood Julia,5-810-548-1158
Bowen Melanie,4-253-220-2671
Stevens Rufus,8-647-444-2276
Parker Henry,4-027-817-5070
Daniells Brad,2-270-432-3008
Fields Alexa,8-757-406-5535
Scott Mara,5-671-410-8858
Stone Margot,8-175-755-2117
Freeburn Willow,6-345-786-3276
Alldridge William,7-082-256-3580
Vane Taylor,4-625-641-4134
Jackson Caleb,8-075-453-1156
Callan Johnny,7-447-238-4414
Allwood Jasmine,7-473-214-4043
London Elisabeth,4-687-575-6854
Nash Rosalyn,4-618-683-6724
Tanner Johnny,3-031-368-7150
Stone Gwenyth,5-183-500-3343
Reyes Susan,8-627-022-8135
Norburn Martin,5-477-110-5211
Edler Liv,6-862-708-4328
Yarwood Julius,8-466-437-7557
Eddison Rosemary,3-151-022-2628
Knight Miley,1-586-335-6343
Harrison Norah,2-131-360-2663
Dillon Joseph,7-360-666-8613
Irving Owen,6-172-138-4770
Benson Josh,8-227-888-8620
Michael Bryon,4-270-034-4713
Broomfield Mara,5-886-670-4753
Warden Gladys,4-415-350-5088
Gibson Lillian,3-038-053-6236
Blackburn Ronald,4-163-660-2076
Booth Aileen,7-061-450-6135
Redden Fred,2-781-200-7258
Russel Deborah,0-527-337-2556
Ward Julian,8-264-230-2748
Jefferson William,6-126-206-5177
Waterhouse Iris,2-235-137-8834
Exton Morgan,6-672-474-3383
Simpson Callie,1-762-418-5138
Clifford Gladys,2-722-088-4054
Villiger Elly,8-322-347-0513
Gordon Carl,5-428-561-4607
Ranks Julius,6-164-615-6061
Owen Carl,2-082-177-5253
Gosling Peter,6-242-013-4480
Mccormick Cedrick,3-568-602-5158
Tindall Marvin,7-011-418-6275
Bell Matthew,5-813-381-6738
Graves Cecilia,1-735-215-3681
Santos Julius,3-837-240-1341
Simpson Charlize,2-610-875-3405
Farrow Camden,2-228-043-8002
Price Gabriel,4-834-241-8614
Campbell Doug,4-226-377-1127
Gunn Johnny,6-161-658-4613
Michael Stacy,4-148-334-7743
Armstrong John,6-066-672-5322
Quinnell Lindsay,5-136-656-0671
Hobson Leslie,3-274-357-5457
Parker Cedrick,7-167-351-5054
Norton Anne,3-853-832-0461
Dowson Gil,6-784-571-4028
Selby Hanna,2-107-001-4042
Spencer Courtney,6-868-408-2688
Marshall Holly,7-235-647-2622
Ballard Lucy,7-310-137-1587
Kennedy Matt,4-082-536-6058
Grady Havana,2-464-174-2785
Nurton Ron,6-370-677-5303
Martin Makenzie,2-418-337-0233
Ryan Dorothy,2-853-208-5773
Turner Martin,1-606-438-2766
Irwin Anabelle,1-457-252-3302
Latham Carla,6-251-628-5264
Tennant Gina,1-865-234-3248
Denton Dakota,2-041-324-4048
Aldridge Aiden,1-730-321-3250
Campbell Bryon,0-025-822-2227
Sinclair Caydence,7-166-602-3076
Simpson Marina,6-705-114-8225
Nicholls Kimberly,5-123-644-1720
Terry Blake,0-387-635-3116
Khan Josh,7-412-737-8423
Penn Benny,0-750-088-8376
Redfern Chester,8-163-352-3172
Bell Roger,7-545-003-3551
Daniells Jade,1-240-060-3586
Pope Goldie,5-773-171-6306
Holmes Jacqueline,4-010-632-7216
Duvall Lucas,8-482-666-7671
Casey Paige,8-326-847-5650
Ashley Beatrice,4-660-767-7045
Potter Jules,2-386-578-7881
Marshall Alma,6-327-302-0102
Bailey Barney,3-718-612-3522
Lambert Benjamin,7-671-131-6165
Drew Maxwell,1-744-274-0627
Allen Freya,6-848-162-3108
Parker Mason,5-428-601-7771
Lewis Julius,0-536-268-2165
Boyle Amy,5-451-774-1886
Saunders Doug,0-561-553-5618
Riley Jennifer,2-538-131-3201
Harrison Judith,6-301-581-5841
Overson Gil,6-415-018-2567
Wise Fred,3-583-347-2065
Larsen Johnathan,5-778-005-7751
Reyes Lillian,7-327-131-3467
Victor Melinda,3-482-826-6786
Bloom Renee,7-223-534-6366
Addison Brad,2-110-714-3570
Rose Makenzie,4-314-354-2432
Cooper Mason,0-151-643-6657
Dwyer Florence,6-338-631-0523
Notman Gloria,5-670-173-4278
Jeffery Holly,5-453-414-1021
Palmer Matt,5-367-630-0777
Downing Rebecca,1-404-723-0503
Buckley Jamie,6-484-237-7004
Lucas Benjamin,6-741-228-5157
Sherry Jamie,6-641-752-3720
Devonport Leroy,3-084-463-6422
Edwards Barney,2-261-631-3524
Redfern Karla,0-216-862-1625
Rivers Kate,2-185-020-5487
Briggs Marie,3-503-406-2051
Jones Tony,4-447-201-3370
Ellis Hazel,6-170-516-0223
Porter Chuck,1-333-380-0385
Boyle Tyler,2-123-624-8611
Hill Victoria,2-142-712-8466
Robinson Ilona,6-835-367-0002
Poole Celina,5-126-457-2431
Hall Jayden,6-463-881-6752
Parker Elena,1-408-603-2408
Ingram Erica,4-035-843-4380
Bennett Isabella,3-536-860-8320
Sawyer Molly,8-540-052-7167
Sherwood Mason,0-071-047-7517
Allcott Emely,5-051-504-6484
Irving Liliana,3-687-838-2375
Thomson Tony,0-218-161-1054
Armstrong Lucas,5-866-723-8101
Baker Nate,5-751-436-1651
Partridge Rosemary,5-232-246-4185
Ramsey Barney,1-161-174-2031
Reese Alessia,1-150-712-8587
Wood Tony,6-542-650-4706
Bailey Bryon,1-004-622-8354
Dubois Macy,5-720-135-3780
Carter Cadence,2-521-486-5733
Ballard Johnathan,2-861-778-0654
Bailey Joseph,1-135-755-6230
Tate Kieth,0-867-480-8183
Thorne Nicholas,7-551-203-5865
Quinton Jazmin,5-308-388-6866
Matthews Mark,8-421-738-6684
Chapman Nathan,0-812-753-6731
Henderson Cara,6-834-305-3434
Funnell Daniel,6-140-255-8448
Ward Sebastian,6-700-068-7500
Reese Owen,4-771-830-6814
Palmer Hanna,3-742-136-5236
Preston Nicole,5-386-704-5661
Brooks Carolyn,8-752-223-6564
Rowan Daniel,4-348-401-5167
Nayler Beatrice,1-615-175-4736
Mcneill Hannah,7-124-141-2210
Clarke Taylor,5-836-054-7571
Emmott Bart,5-027-426-8323
Matthews Denis,4-840-827-7085
Thornton Matt,5-330-206-2715
Atkinson Benjamin,4-033-862-6301
Driscoll Mya,0-325-863-8833
Murphy Zara,0-333-523-8428
Knight Liam,0-271-781-3805
Mullins Adeline,1-083-405-8664
Devonport Cherish,8-052-047-5416
Coleman Vivian,4-275-076-3241
Kelly Charlize,5-168-504-7438
Button Renee,5-663-804-3878
Sanchez Marjorie,6-003-260-2464
Johnson Rose,7-363-117-4776
Griffiths Hank,2-781-581-3343
Malone Ada,2-877-774-4153
Haines Maxwell,1-260-078-5634
Young Elise,0-181-542-7073
Lane Enoch,6-363-281-0727
Jones Benjamin,1-336-304-8515
Reyes Nate,2-762-118-3618
Nanton Eduardo,2-638-166-5363
Skinner Kurt,7-560-077-8444
Selby Rocco,5-277-655-8750
Jackson Maribel,4-085-805-0374
Drake Karla,1-748-878-1857
Shaw Vicky,6-187-124-4582
Ebden Ryan,8-822-426-0112
Evans Jacob,1-261-862-2862
Radcliffe Phillip,1-562-531-8352
Hepburn Madison,8-743-503-2206
Hale Martin,0-405-307-5381
Silva Ethan,8-088-452-0181
Smith Kirsten,2-550-158-7554
Lane Lucas,3-514-812-1060
Janes Cedrick,2-035-782-6310
Martin Sofie,4-344-676-5767
Speed Shay,5-703-204-4172
Rainford Willow,1-833-815-6250
Hepburn Fred,2-676-301-5153
Townend Robyn,1-517-614-7231
Cooper Michaela,5-436-872-4054
Wood Cameron,6-707-444-5326
Pope Mina,3-340-428-6151
Pond Raquel,4-526-670-4327
Jarvis Brooklyn,0-188-470-6044
Chapman Bart,5-366-661-6802
Hale Doug,8-214-805-8522
Reese Holly,5-715-107-8512
Baxter Noemi,2-850-506-6201
Andrews Caitlyn,7-337-021-1851
Murphy Kieth,6-013-226-6513
Rainford Belinda,4-045-511-1645
Nobbs Charlize,8-083-860-2863
Holmes Shay,7-143-135-8054
Radcliffe Harry,2-676-156-5286
Shaw Hank,1-724-282-4013
Freeburn Bart,8-278-730-1858
Partridge Maia,7-456-436-2286
Whittle Carina,6-533-055-0075
King Elle,7-558-406-4552
Redfern Angel,8-718-134-3251
Jeffery Maria,3-611-264-6363
Pickard Sonya,8-610-380-2552
Moreno Allison,3-866-370-7406
Plant Mark,3-348-223-4413
Abbot Shay,0-474-282-3067
Mason Savannah,1-027-667-2134
Rivers Candace,4-526-877-0122
Stevens Gabriel,3-710-023-3858
Wheeler Elly,3-408-837-3402
Holt Rylee,7-054-677-3232
Allen Kenzie,5-567-485-6123
Reynolds Tom,2-076-814-8043
Lunt William,2-660-867-7237
Robertson Doris,8-200-580-1547
James Matthew,5-248-053-3426
Jordan Peter,7-385-630-6328
Saunders Sofie,1-225-001-0772
Whitmore Peter,7-731-653-1515
Selby Daniel,7-208-522-2813
Clarke Sydney,5-037-548-4762
Clark Marie,6-187-222-5722
Johnson Michael,8-176-255-4775
Grady Brad,3-261-424-7146
Nelson Kieth,1-050-235-5751
Hammond Macy,2-111-281-5500
Grant Tony,0-382-052-7147
Turner Boris,3-102-734-8256
Mitchell Teagan,3-403-345-4581
Rowe Erica,8-526-231-3871
Weston Bart,0-244-663-5442
Terry Noah,4-110-480-5301
Poole Kieth,5-226-753-3350
Owens Daron,1-631-228-6601
Stevens Nick,7-333-230-2243
Robertson Henry,6-483-764-6500
Brett Alexander,5-151-585-8267
Taylor Daniel,4-877-678-1177
Saunders Roger,6-221-325-0818
Ripley Mike,2-240-452-6123
Walton Mona,8-722-842-8363
Ainsworth Nate,0-571-318-8267
Salt Makenzie,0-061-311-1865
Cameron Parker,8-664-286-5316
Donnelly Henry,4-434-617-2025
Craig Jackeline,6-154-558-4031
Shepherd Aiden,5-436-605-3202
Addley Carla,6-372-677-2528
Dowson Davina,3-037-735-4773
Newton Emery,7-412-227-5471
Uttridge Denny,8-077-868-2535
Mccall Dorothy,5-085-454-0065
Briggs Lily,5-562-625-6051
Talbot Rae,7-761-250-4850
Ulyatt Denis,8-011-415-0632
Uttridge Rocco,8-238-281-2844
Knight Elena,5-116-367-8300
Stubbs Harriet,1-384-824-5107
Adler Ron,1-668-444-4143
Wade Henry,8-371-831-5404
Harrison Eduardo,8-183-017-6305
Thorpe Keira,1-401-236-7150
Moreno Aiden,1-540-755-0587
Pope Hank,0-754-053-0031
Eagle Hank,8-237-524-6545
Noach Maxwell,7-032-046-3041
Anderson Daphne,5-074-330-2582
Weston Noemi,2-082-511-8081
Allcott Adeline,2-856-230-4513
Glynn Maribel,4-301-831-8582
Grady Owen,8-826-850-5356
Bullock Caydence,4-688-154-6706
Ashwell Johnny,3-633-345-5766
Price Erick,8-335-144-7826
Burge Jayden,0-187-162-6138
Lewis Rocco,7-225-066-3518
Jones Kassandra,6-058-225-5673
King Nicholas,1-063-358-6013
Shaw Phillip,5-682-768-1684
Torres Rebecca,4-420-132-5444
Mason Thea,0-457-680-0700
Judd Moira,2-685-362-4722
Shields Ellen,2-465-181-2351
Harrington Jack,5-184-012-6487
Shields Martha,5-254-416-3344
Wilson Robyn,3-330-577-6271
Knight George,8-662-255-0057
Vallory Joyce,6-485-223-1472
James Denis,8-622-313-5721
Chappell Darlene,3-715-150-7850
Donovan Belinda,1-704-071-2355
Archer Dasha,5-548-707-6555
Abbot Charlize,7-518-843-8162
Shaw Henry,3-405-581-2115
Upton Nick,2-378-884-6455
Atkinson Danny,4-652-763-0503
Stubbs Caleb,4-037-486-7825
Fisher Rose,0-402-247-3432
Dowson Tony,6-650-082-3177
Roberts Chloe,7-256-160-1015
Vallory Tyler,5-041-750-1641
Hope Julian,2-235-415-1651
Robertson Cameron,6-435-227-1257
Marshall Ron,5-144-328-6608
Edwards Denny,3-704-443-2053
Foxley Rosalie,8-660-585-4168
Bayliss Cassandra,6-356-647-4528
Collis Daron,0-803-377-0277
Vane Bryce,6-255-744-6862
Varndell Leanne,0-405-534-1644
Steer Jenna,0-781-606-3532
Fox Emery,0-207-638-7628
Morrow Christy,5-108-376-1716
Clifton Matthew,7-627-410-3451
Shaw Celina,0-513-716-4233
Reid Jolene,4-815-610-0807
Rixon Camden,5-476-840-1832
Howard Quinn,3-845-517-5448
Rainford Kieth,6-146-658-7460
Thatcher Chadwick,8-621-165-8524
Yoman Ally,0-263-304-7748
Shepherd Selena,3-644-345-6173
Woodley Matthew,4-223-277-2066
Ward Daphne,8-617-384-7608
Yang Mark,0-788-662-5241
Radcliffe Hadley,6-765-547-3558
Everett Owen,4-133-341-1670
Sheldon Mark,4-657-021-7332
Farrell Phillip,1-201-450-1061
Murray Ruth,0-743-548-8803
Roberts Tess,7-003-048-4676
Taylor Bryon,5-766-256-4783
Stewart John,2-875-132-0563
Matthews Andrea,1-552-253-0365
Adams Paige,1-180-752-7010
Cox Caleb,2-836-813-2315
Foxley Hank,5-182-388-4726
Gray John,5-313-577-3378
Baker Jolene,7-746-602-7174
Reid Matthew,0-008-605-8814
Flett Marvin,7-125-886-0682
Noach Mavis,2-383-112-2700
Turner Cedrick,8-225-610-0582
Allington Valentina,2-063-076-5207
Abbot Rae,3-248-561-4555
Thorne Elijah,6-015-028-6257
Donovan Johnny,0-264-246-3320
Dixon Denis,4-071-047-2721
Sylvester Mason,8-811-474-2705
Sinclair Nate,5-746-201-2753
Whitehouse Matthew,4-436-604-4176
Shepherd Marvin,2-657-845-8632
Partridge Esmeralda,1-467-267-3674
Dempsey Rylee,6-681-608-0857
Barrett Shannon,6-841-572-6186
Dunbar Bethany,0-724-542-0308
Stevens Percy,4-103-535-6338
Savage Andie,4-040-708-1223
Oldfield Owen,5-321-111-0830
Wright Sabina,3-845-514-3575
Khan Ciara,7-680-181-0177
Addis Luna,1-008-757-3768
Alldridge Alexia,7-344-071-1306
Boden Denny,7-670-382-5767
Whitehouse Nick,8-200-781-7225
Shepherd Nicole,5-014-345-0786
Downing Dorothy,4-754-362-1853
Tailor Ronald,4-442-520-7431
Rowan Logan,3-136-002-3505
Lakey Chad,0-400-255-3334
Martin Johnathan,2-223-746-7262
Eddison Zoe,7-368-556-8216
Nicholls William,6-813-751-3727
Collingwood Rebecca,2-371-755-0650
Walker Bryon,0-154-261-2482
Daniells Ruby,4-304-746-7244
Edmonds Mary,2-521-562-6537
Duvall Carter,8-876-605-2447
Cadman Crystal,7-186-140-7514
Lowe Matthew,6-656-477-3578
Hewitt Daniel,1-732-108-4417
Hobson Charlize,3-624-875-7708
Flett Aiden,5-177-416-6618
Hooper Adalind,2-488-860-7534
Devonport Johnny,8-333-738-2300
Allcott Carrie,8-057-825-3007
Roberts Johnathan,5-331-737-3752
Hill Jade,1-872-237-5752
Wallace Destiny,2-241-816-8677
Roscoe Blake,1-844-752-1152
Mitchell Liv,5-686-521-4004
Clifford Rihanna,2-831-623-7061
Morley Tyler,1-887-362-8814
Whitehouse Ryan,7-405-408-2103
Stark Matthew,5-144-803-1157
Boyle Rosemary,8-262-770-5655
Rivers Candace,6-747-153-6584
Saunders Johnathan,3-378-162-8306
Reese Carolyn,4-885-843-2102
Waterson Alan,5-663-622-2651
Rogers Matthew,4-303-732-5084
Lee Henry,2-757-703-6330
Turner Elijah,2-245-867-6873
Walsh Anthony,5-680-020-8825
Avery Sofia,0-534-603-7475
Porter Ryan,7-732-030-5483
Varndell Adalind,2-103-206-2486
Norburn Erick,2-044-840-1724
Welsch Summer,1-403-714-2712
Rose Ruth,2-440-823-3474
Tennant Cecilia,2-783-431-8730
Squire Doug,2-227-547-3630
Cooper Danny,0-281-830-0276
Richards Chadwick,5-184-031-1551
Collis Vicky,0-431-238-5484
Strong John,8-300-047-5442
Ryan Alexander,6-201-118-6451
Todd Rosalee,5-081-472-1506
Gregory Jack,0-776-807-2836
Phillips Peyton,8-470-070-3511
Irving Logan,5-843-046-6640
Wright Daron,0-535-581-0256
Tate Anabelle,2-542-425-8826
Cameron Jayden,6-286-663-8740
Gordon Gemma,6-767-003-1878
Sylvester Barney,6-086-373-8585
Clarke Jayden,7-817-702-0586
Cavanagh Diane,2-178-022-6531
Mcnally Raquel,2-613-613-8608
Clark Danny,4-808-075-4156
Hamilton Henry,3-763-847-7626
Booth Bryon,3-683-442-6224
Briggs Jenna,4-566-025-8356
Camden Benjamin,1-612-520-4625
Locke Johnathan,4-375-302-1505
Sherwood Peter,3-361-554-5016
Uttridge Tyler,7-415-383-8617
Smith Agnes,1-065-551-2438
Ventura Tom,3-574-322-1804
Hamilton Jacob,6-536-343-8402
Dixon Danielle,8-662-645-0223
Oliver Chuck,1-616-564-8017
Sinclair Florence,1-724-362-2320
Yates Selena,2-032-647-7843
Duvall Maggie,6-438-827-4086
Wallace Celia,2-760-085-8740
Rogers Nathan,7-601-524-7715
Larkin Denis,0-356-684-0731
Pratt Joseph,6-878-645-3743
Villiger Audrey,8-434-178-3733
Grey Mike,7-603-861-8266
Collis Julius,4-122-400-2850
Savage Brad,0-441-574-1484
Russel Lynn,2-577-428-6010
Powell Jacqueline,6-333-878-6146
Goldsmith Jayden,5-268-600-3710
Anderson Alessandra,4-316-184-1516
Michael Aiden,4-211-050-7312
Clarkson Denny,4-133-462-6302
Evans Rowan,6-421-057-5084
Yard Angel,0-844-415-3628
Ianson Johnathan,7-177-750-7705
Whitehouse Vicky,1-478-456-3476
Coll Denny,6-825-317-8066
Cadman Carl,1-475-561-2407
Santos Lara,5-002-760-8604
Barrett Leroy,3-018-852-0808
Swift Claire,4-266-233-0646
Hastings Rihanna,6-713-587-3875
Nicolas Nick,0-826-453-3260
Tyrrell Johnny,3-510-503-0853
Rossi Maddison,3-718-270-7103
Stone Nicholas,5-328-050-2646
Kirby Ramon,8-622-030-3503
Bolton Caleb,3-161-204-4242
Farmer Livia,1-523-707-4703
Lewis Fiona,7-258-248-5745
Walsh Russel,3-708-281-0602
Sylvester Holly,3-578-626-0827
Jennson Miriam,7-766-431-8031
Farmer Logan,4-568-702-1562
Larkin Ciara,8-717-652-8246
Vallory Nate,5-363-175-3476
Wood Benjamin,1-841-570-2136
Walker Jacqueline,2-215-374-2881
Ramsey Benny,2-314-156-2856
Lee Eryn,1-356-200-2517
Spencer Eduardo,0-506-148-7212
Baxter Ramon,2-574-510-5235
Owen Rhea,7-865-472-3486
Parsons Nathan,1-432-208-8238
Jones Luke,3-604-078-2464
Rixon Tom,1-868-664-6022
Lynch Helen,6-365-878-7716
Hobbs Cedrick,0-672-386-2581
Horton Miriam,6-615-604-0870
Lunt Molly,0-411-246-2400
Johnson Nick,7-636-830-0007
Drew Lindsay,7-825-022-0708
Hilton Makena,2-154-702-1428
Squire Anthony,4-127-174-5731
Watson Hanna,8-274-467-7435
Fisher Vivian,3-853-025-6712
Roth Fred,3-138-752-1431
Ross Martin,5-726-171-7767
Vass John,4-523-604-2065
Drew Sebastian,3-223-180-8847
Mason Caleb,3-508-486-7167
Silva Nicholas,7-511-374-4336
Taylor Caleb,6-645-488-3554
Thomson Aiden,0-551-660-3356
Brett Denis,2-612-611-4124
Avery Caleb,8-468-384-7753
Todd Makena,3-877-800-7426
Mcgregor Andrea,4-255-343-7873
Evans Nick,7-571-660-2462
Overson Barney,0-310-572-5871
Lindsay Luna,8-047-650-7345
Gordon Bristol,7-820-127-4524
Tailor Stacy,5-807-552-3244
Allington Shay,8-538-316-8506
Moran Makena,3-131-461-4460
Santos Nina,6-743-155-8841
Summers Esmeralda,3-807-770-0032
Alcroft Clint,1-683-132-7435
Cavanagh Jack,2-804-150-4511
Lindop Tiffany,6-107-507-1467
Shepherd Renee,4-625-057-1371
Simmons Oliver,0-721-860-3374
Andrews Robyn,3-250-140-8840
Forester George,7-162-521-6451
Palmer Carl,2-411-077-0111
Hopkins Leilani,8-711-844-1021
Warren Oliver,7-874-086-4377
Garcia Julius,0-506-607-6487
Robinson Roger,3-706-812-1267
Ashley Julianna,3-238-771-4235
Larkin Carl,4-860-350-5700
Knott Manuel,3-280-632-2571
Callan Harvey,4-500-416-2062
Rycroft Rocco,4-272-421-0441
Abbot Alexia,3-775-620-2880
Allen Zoe,1-178-047-2881
Cadman Michael,0-580-348-2850
Shaw Megan,2-812-117-3613
Wilton Carl,7-830-541-3007
Drake Thea,2-178-548-0684
Gunn Ilona,7-758-173-8203
Watson Daniel,8-145-071-5246
Larsen Joseph,2-452-644-2374
Rogers Parker,7-742-401-4483
Roberts Alan,4-122-556-6315
Avery Phillip,7-517-176-4833
Rosenbloom Boris,0-676-026-1515
Bryant Tony,3-260-545-7646
Nelson Liv,1-783-086-6284
Reyes Johnathan,0-812-250-6634
Webster Lucy,8-383-768-6127
Wilton Sofia,8-645-587-7342
Willis Bob,1-570-856-8802
Moran Daron,7-836-126-8783
Dunbar Leah,8-417-735-5376
Roth Matt,7-434-150-4056
Dempsey Gwenyth,7-857-350-3733
Clifton Analise,5-503-260-2578
Tailor Nick,3-410-436-3183
Powell Juliette,5-017-778-4523
Webster Harry,3-775-458-3127
Young Ethan,4-088-655-5607
Pearson Davina,8-763-310-3077
Giles Jayden,7-804-260-4334
Baker Hayden,0-771-004-3438
Nobbs Dasha,0-112-126-6020
Emmett Jasmine,4-288-022-2063
Booth Luke,3-558-584-1212
Moore Jennifer,6-401-008-1402
Harper Kurt,1-375-433-4612
Jefferson Adalind,0-653-284-4523
Knight Gwen,0-456-068-7362
Morrison Lexi,6-880-151-6476
Skinner Anabelle,6-526-713-2458
Richardson Analise,3-815-827-6335
Hastings Joyce,0-681-330-6357
Sloan Rufus,3-318-283-5608
Sloan Ellen,2-708-101-6567
Campbell Martin,4-571-423-0265
Jefferson Tyson,0-723-414-5475
Smith Logan,6-303-761-1264
Abbey Jessica,5-330-176-6334
Reynolds Cedrick,0-856-072-7512
Clarke Alexander,4-478-528-1344
Abbot Deborah,8-587-521-3174
Cooper Logan,6-160-481-8544
Roth Emmanuelle,5-014-817-8245
Vane Barry,3-047-113-1740
Mann Dasha,0-335-226-0586
Simpson Kurt,7-243-184-4856
Edwards Chris,2-640-267-8187
Morris Dani,3-403-152-4056
Stanton Renee,4-683-627-8454
Widdows Ramon,0-556-311-4426
Durrant Julian,6-732-123-4836
Knight Cassidy,8-378-624-4804
Todd Zoe,1-567-001-5210
Fox Maribel,5-281-654-1371
Everett Mackenzie,8-366-732-2572
Ellis Johnny,1-670-687-6036
Garner Bart,1-860-786-8327
Smith Nicholas,5-082-210-6011
Kaur Rebecca,2-308-720-6114
Cooper Macy,2-414-540-8435
Rodgers Russel,8-475-445-0273
Pitt Noah,7-668-574-4866
Mcnally Johnny,7-633-157-6287
Cameron Natalie,1-315-211-7557
Emmett Nathan,4-175-321-5387
Bloom Rylee,3-704-222-5415
Pitt David,0-750-631-1126
Grant Oliver,0-266-083-7428
Wren Wendy,6-683-005-5377
Robe Peyton,6-770-264-2378
Bayliss Dorothy,2-200-314-3231
Vaughn Juliette,7-883-811-5482
Zaoui Francesca,3-037-332-0662
Yates Darlene,5-473-603-3852
Richardson Mason,6-170-600-1825
Craig Courtney,2-111-370-0085
Murray Brooklyn,1-757-253-4821
Hale Chris,4-578-751-7310
Newman Julius,1-832-000-1663
Fulton Olivia,1-806-545-3064
Benfield Brad,3-360-863-0775
Weatcroft Stacy,8-152-146-4135
Rogan Cristal,7-665-367-2826
Gray Sofie,0-103-024-8022
Russell Rocco,2-347-551-1007
Connell Mary,1-254-144-8210
Ventura Lindsay,5-421-188-4681
Jarrett Bethany,1-053-786-7671
Yoman Florence,1-366-324-5664
Burnley Benjamin,4-622-557-2550
Lynch Manuel,6-481-553-3133
Bentley Rae,2-882-212-0474
Cameron Juliet,6-060-157-1637
Cunningham Dasha,4-788-118-5660
Rossi Ron,8-158-056-0635
Bell Tyler,1-441-815-6855
Wild Charlotte,2-880-012-4680
Drew Mona,0-433-484-2180
Rogan Mark,2-026-656-6446
Abbot Martin,7-413-615-3217
Gardner Gil,6-005-082-5528
Atkinson Karla,0-767-074-6766
Rixon Erick,7-177-868-4405
Hope Lucy,8-738-423-3307
Hunter Charlotte,1-280-247-4407
Penn Andrea,3-621-426-0274
Sanchez Chris,6-781-072-1145
Hamilton Jack,2-204-778-6752
Hill Hank,8-147-026-6167
White Lexi,4-646-036-8605
Thomson William,8-387-401-0076
Vernon Benjamin,1-353-461-1042
Moreno Sabrina,3-424-766-7608
Milner Clint,6-600-506-3321
Lambert Manuel,2-344-515-4521
Needham Nathan,5-531-564-3423
Lee Aileen,1-828-774-2436
Reyes Marilyn,0-675-137-7781
Robinson Daniel,8-210-853-5811
Rowe Anabel,0-846-722-6472
Goldsmith Summer,1-276-453-2250
Veale Isabel,7-531-446-7433
Jeffery Marvin,7-370-304-6344
Norris Amy,6-864-478-7312
Welsch Stacy,7-323-824-7787
Mackenzie Percy,1-852-581-5675
Crawford Noah,0-666-317-8212
Attwood Liam,1-666-775-4400
Rainford Ethan,6-361-057-0203
Kelly Monica,5-400-624-8188
Victor Michael,1-666-062-7304
Wren Payton,3-520-537-8088
Wright Sara,2-726-328-5366
Quinton Liam,0-850-145-4576
Garcia Elijah,5-661-044-5762
Alldridge Alexander,2-520-388-1385
Silva Enoch,1-304-468-6854
Ashley Victoria,0-763-362-0454
Whittle Michael,2-647-364-3672
Warren Angelica,5-657-540-5227
John Sage,8-406-333-1161
Walsh Lauren,1-718-763-7061
Andersson Hanna,4-288-224-2740
Varndell Ivette,5-858-423-3085
Vane Roger,3-245-766-7623
Coates Celia,0-682-582-0023
Pope Valentina,1-024-537-4845
Vane Boris,1-347-843-3021
Broomfield Jennifer,2-225-355-5870
Carpenter Benny,7-360-248-6642
Harris Paula,0-037-442-5100
Nicolas Bob,3-560-375-5504
Clarkson Chris,4-625-875-8413
Redfern Carl,2-581-333-1712
Morrow Tyson,3-231-071-4631
Reyes Freya,1-466-443-8028
Spencer Denny,7-038-425-1715
Jarrett Dakota,8-401-408-2454
Pierce Julianna,1-128-675-5016
Healy Nancy,6-408-450-4265
Gray Ryan,5-646-118-6867
Rogan Sasha,4-847-205-8443
Wood Caydence,8-425-300-3504
Grady William,5-313-470-2277
Windsor Rick,2-036-627-3316
Snow Savannah,2-325-043-1388
Styles Keira,2-470-030-5578
Vangness Hank,8-853-500-7412
Patel Carl,6-360-611-8258
Baker Angel,6-453-221-3250
Kent Chadwick,8-675-188-2178
Chadwick Janelle,6-036-830-0481
Preston Stacy,0-101-678-5735
Matthews Rufus,3-732-116-2125
Dunbar Chuck,1-742-051-8773
Price Tyler,2-018-556-6476
Purvis Rocco,0-654-484-8830
Edwards Denny,8-588-150-0154
Swan Melody,2-542-038-0176
Cooper Jayden,1-784-227-8875
Savage Chuck,5-807-506-2760
Lindop Eduardo,3-128-067-2603
Norton Nate,5-661-403-1774
Hunter Felicity,8-232-874-7457
Glynn Janice,2-846-436-1883
Kent Rihanna,3-445-003-3610
Locke Harvey,1-023-808-7378
Johnson Amy,2-375-223-0110
Tait Denis,2-357-478-8504
Brennan Cassidy,0-657-851-2243
Gray Ethan,8-137-105-0116
Ellis Tara,7-718-088-3411
Wright Davina,0-130-478-4552
Mould Gina,4-405-773-3343
Vangness Clint,5-267-368-0666
Gibson Bryon,2-458-078-0144
Sinclair Ron,7-850-548-3746
Blythe Rufus,7-287-301-7743
Neal Michael,0-224-121-7163
Overson Hayden,6-117-632-7564
Freeburn Payton,0-051-732-5110
Dyson Ramon,1-134-621-5355
Mills Adela,5-406-616-1020
Olson Ally,0-868-026-3306
Cartwright Michelle,5-045-080-5130
Cattell Chuck,1-135-605-3760
Cowan Sharon,1-884-214-8648
Lindsay Eryn,7-378-862-1614
Callan Wade,1-740-374-1347
Reading Maxwell,3-751-815-4810
Grady Aileen,2-703-227-8881
Uddin Rick,0-217-206-7437
Russell Jenna,8-384-748-4437
Andrews Amelia,8-586-203-5826
Booth Isabel,3-544-600-4064
Oliver Benny,6-600-528-7414
Plumb Sebastian,4-677-240-7824
Malone Rosalyn,5-127-278-2153
James Ruth,1-301-660-3852
Edwards Cedrick,7-642-631-2752
Denton Marvin,4-142-845-4235
Bright Brad,1-550-304-4102
Fields Cedrick,4-372-387-7083
Victor Rosemary,4-168-080-2020
Sherry Maggie,8-306-160-7423
Chappell Sabina,5-563-620-0321
Casey Katelyn,2-510-287-5857
Edler Rick,5-354-566-4464
Tyrrell Stella,0-656-864-8122
Moreno Cedrick,6-042-833-0557
Fisher Violet,0-457-885-1814
Gilmour Carol,2-310-166-4123
Leigh Thea,0-877-157-5534
Adams Martha,1-364-367-2477
Dowson Oliver,2-244-350-8253
Lambert Rosie,6-755-423-6481
Morris Melanie,4-002-422-3882
Addley Macy,1-107-824-6122
Vinton Logan,7-535-423-1508
Edler Domenic,8-537-714-3727
Hope Judith,7-686-864-2561
Dale Rosalee,4-082-817-5848
Farmer Shannon,7-165-853-7015
Clayton Willow,8-666-347-6258
Hardwick Barry,7-467-604-4851
Newman Mason,8-754-215-2626
Snell Angelique,7-156-418-5377
Drummond Cassidy,6-042-817-4838
Bryant Goldie,6-411-335-7835
Powell Bryon,3-763-014-5645
Hall Nate,2-176-437-7654
Needham Eduardo,1-153-441-1656
Harrington David,7-557-225-6588
King Cassidy,0-073-254-5728
Taylor Charlotte,3-180-168-0053
Lindop Jacob,4-631-050-6731
Roman Joyce,7-385-042-3881
Donnelly Gil,0-185-110-1875
Allington Julian,3-576-162-5675
Lindsay Gina,6-482-085-5353
Ventura Martin,4-083-350-3045
Allwood Domenic,3-102-004-4735
Mcguire Matthew,2-236-451-6814
Upton John,4-452-122-1403
Eastwood Julia,1-472-421-6083
Poulton Matthew,2-865-810-2728
Freeburn Robyn,7-222-314-3228
Forth Angelina,3-588-048-5262
Robe Daniel,5-426-617-7506
Nanton Eve,5-462-027-2306
Flack Lexi,0-504-147-7818
Kerr Danielle,8-711-118-7088
Nurton Johnny,0-106-057-0026
Cobb Rocco,4-421-323-5857
Adams Barry,4-054-446-7128
Calderwood Alexander,6-733-112-4663
Wilkinson Shannon,2-380-355-0622
Rainford Danny,2-011-347-0236
Tutton Chuck,3-706-414-6277
Pope Jules,1-016-051-5413
Gardner Jayden,1-432-655-8148
Taylor Logan,6-321-218-1101
Yates Fred,2-731-515-7455
Niles Sharon,7-670-358-1811
Gibson Aileen,2-213-785-2173
Chadwick Jackeline,8-655-063-4208
Wise Cecilia,8-180-754-1417
West Bob,4-052-501-2453
Weston Amy,0-036-143-0722
Stewart Shelby,1-368-170-1364
Douglas Fred,5-360-860-4700
Driscoll Victoria,1-201-640-1745
Eddison Candace,5-623-553-3514
Sylvester Julius,5-581-550-1520
Jeffery Chris,5-140-018-1753
Pickard Shelby,6-750-634-1542
Cavanagh Peter,0-821-087-4644
Neville Allison,7-270-523-7606
Widdows Jack,5-078-330-8314
Uddin Elijah,0-142-503-2615
Nurton Leroy,1-246-838-6550
Sanchez Norah,8-544-226-5435
Nicolas Rosemary,3-536-377-0570
Cattell Luke,4-812-543-0602
Marshall Martin,7-111-253-0238
London Kimberly,0-637-820-4131
Hilton Nate,8-245-212-3581
Pierce Jamie,5-720-448-8647
Speed John,0-787-680-0733
James Martin,1-352-258-2110
Richards Rosalie,4-860-583-7038
Zaoui Harry,0-765-827-3850
Gilmore Amy,6-673-584-8632
Rees Sloane,2-131-122-2434
Durrant David,0-105-551-3544
Verdon Penelope,0-222-041-6177
Kent Jacob,1-385-637-5360
Bryson Hayden,5-755-211-1018
Williams Francesca,8-165-061-1586
Emmott Emely,8-524-320-2126
Cunningham Julia,3-650-435-1034
Appleton Rufus,2-685-761-4842
Ranks Chloe,8-476-516-8251
Walton Mavis,4-788-540-4204
Casey Josh,6-066-002-5577
Kennedy Nicholas,3-248-738-1521
Garner Jack,1-610-372-1737
Thompson Jolene,2-011-760-8545
Holmes Ruth,4-351-473-7560
Bloom Dorothy,4-010-807-4180
Addley Barry,1-630-856-3762
Blackwall Alessia,4-308-574-4353
Rose Bart,2-506-415-8207
Moreno Gabriel,2-463-438-6811
Vernon Ilona,2-750-851-1551
Clarke Ryan,0-001-241-8703
Nicolas George,6-848-485-4364
Radcliffe Doris,7-121-535-7082
Poole Melody,8-565-553-5017
Bishop Keira,5-264-500-6716
Kelly Violet,7-552-525-7072
Baxter Crystal,0-037-302-7175
Squire Sebastian,7-588-647-4552
Vallins Fred,2-713-275-6772
Andrews Ramon,3-751-830-3735
Richards Logan,4-646-055-2521
Stanton Robyn,7-157-870-6806
Griffiths Hayden,0-778-402-0247
Bentley Gil,2-304-605-6663
Palmer Amy,6-483-862-6418
Larkin Angelina,7-188-303-5018
Clarke Penny,0-058-542-7430
Dubois Rufus,7-752-277-5731
Janes Carl,3-642-386-4488
Carter Wendy,5-486-286-1563
Hopkinson Caleb,1-270-113-6862
Booth Lucas,3-528-388-2432
Jones Quinn,1-788-412-2171
Hancock Rocco,5-143-037-8330
Marshall Nancy,6-476-715-1623
Saunders Moira,4-471-216-2773
Hogg John,3-578-524-6833
Edler Domenic,3-103-163-8482
Hale Rosalyn,5-037-627-1330
Radley Kurt,4-467-828-6787
Norris Jack,0-862-001-7057
Rossi Barry,7-523-153-0144
James Liam,2-300-330-4677
Snell Goldie,3-188-668-1644
Walsh Kate,6-160-425-6574
Blythe Johnny,7-346-875-0442
Beal Percy,6-541-306-4170
Quinnell Sara,5-134-552-2862
Janes Ron,6-265-248-8227
Gardner Nicholas,2-665-684-2072
Salt Marissa,5-781-607-7030
Dixon Carrie,8-054-888-2053
Ralph Elise,1-838-643-4362
Kent Chad,5-241-183-0263
Whitehouse Janice,6-262-726-1017
Ralph Peter,6-723-445-7121
Ross Tony,5-547-006-0886
