taste,decor_id
Chestnut,6667
Bellflower,6668
Mesquite,6669
Eucalyptus,6670
Cherry,6671
Fig,6672
Japanese Iris,6673
Apple,6674
Columbine,6675
Dumb Cane,6676
Bearberry,6677
Kudzu,6678
Rose,6679
Cherry,6680
Chestnut,6681
Bilberry,6682
Groundberry,6683
Veronica,6684
Water Lily,6685
Primrose,6686
Bellflower,6687
Bluebonnet,6688
Madagascar Dragon Tree,6689
Chinese Evergreen,6690
Bellflower,6691
Easter orchid,6692
California sycamore,6693
Poppy,6694
Fellenwort,6695
Mistletoe,6696
Grapefruit,6697
Cup Flower,6698
Hedge plant,6699
Carrot,6700
Water Lily,6701
Bellflower,6702
Japanese Iris,6703
Mugwort,6704
Coneflower,6705
Arrowwood,6706
Cornflower,6707
Kauila,6708
Manzanita,6709
Ambrosia,6710
African Violet,6711
Bluebonnet,6712
Fig,6713
Thistle,6714
Rose,6715
Goldenglow,6716
Periwinkle,6717
Butterfly weed,6718
California sycamore,6719
Columbine,6720
Tulip,6721
Mistletoe,6722
Symphytum,6723
Birch,6724
Millet,6725
Candytuft,6726
Fellenwort,6727
Pansy,6728
Kauila,6729
Fig,6730
Apple,6731
Rosemary,6732
Filipendula,6733
Chestnut,6734
Madagascar Dragon Tree,6735
Easter orchid,6736
Apple,6737
Calla Lily,6738
Lucky Bamboo,6739
Dogwood,6740
Grapefruit,6741
Dogwood,6742
Apricot,6743
Mugwort,6744
Cotton plant,6745
Bee Balm Flower,6746
Japanese Iris,6747
Lily,6748
Urn Plant,6749
Silene,6750
Pansy,6751
Apple,6752
Urn Plant,6753
Vervain,6754
Mugwort,6755
Filipendula,6756
Pansy,6757
Narcissus,6758
Hedge plant,6759
Japanese Iris,6760
Kentia Palm Plant,6761
Red Hot Poker Plant,6762
Primrose,6763
Buttercup,6764
Buttercup,6765
Daisy,6766
Apple,6767
Lily,6768
Urn Plant,6769
Mesquite,6770
Apricot,6771
Pansy,6772
Mistletoe,6773
Birch,6774
Lucky Bamboo,6775
Japanese Iris,6776
Tulip,6777
Nemesia,6778
Poppy,6779
Manzanita,6780
Aspen,6781
Cup Flower,6782
Alstroemeria,6783
Indian paintbrush,6784
Drumstick,6785
Dumb Cane,6786
Tulip,6787
Fig,6788
Dogwood,6789
Cactus,6790
Ambrosia,6791
Bellflower,6792
Shasta Daisy,6793
Fennel,6794
Symphytum,6795
Urn Plant,6796
Dogwood,6797
Cabbage,6798
Eucalyptus,6799
Alstroemeria,6800
Banyan,6801
Vervain,6802
Buttercup,6803
Dumb Cane,6804
Lily,6805
Dumb Cane,6806
Urn Plant,6807
Columbine,6808
Daisy,6809
Catmint,6810
Chamomile,6811
Apricot,6812
Rose,6813
Eucalyptus,6814
California sycamore,6815
Chinese Evergreen,6816
Bearberry,6817
Ambrosia,6818
Lily,6819
Buttercup,6820
Mangrove tree,6821
Dogwood,6822
Daisy,6823
Vervain,6824
Apricot,6825
Dindle,6826
Snowflake,6827
Bellflower,6828
Shasta Daisy,6829
Cherry,6830
Madagascar Dragon Tree,6831
Bilberry,6832
Filipendula,6833
Kauila,6834
Baobab,6835
Shasta Daisy,6836
African Violet,6837
Fig,6838
Alstroemeria,6839
Drumstick,6840
Snowdrop,6841
Aspen,6842
Apple,6843
Fig,6844
Madagascar Dragon Tree,6845
Periwinkle,6846
Tulip,6847
Thistle,6848
Clarkia,6849
Candytuft,6850
Arrowwood,6851
Cup Flower,6852
California sycamore,6853
Lily,6854
Fellenwort,6855
Columbine,6856
Lucky Bamboo,6857
Red Hot Poker Plant,6858
Bee Balm Flower,6859
Fellenwort,6860
Lily,6861
Nemesia,6862
Soapwort,6863
Cabbage,6864
Apple,6865
Thistle,6866
Kentia Palm Plant,6867
Collard,6868
Silene,6869
Mesquite,6870
Filipendula,6871
Silene,6872
Arrowwood,6873
Manzanita,6874
Dumb Cane,6875
Bilberry,6876
Cup Flower,6877
Grapefruit,6878
Poppy,6879
Groundberry,6880
Arrowwood,6881
Madagascar Dragon Tree,6882
Groundberry,6883
Kentia Palm Plant,6884
Vervain,6885
Millet,6886
Mugwort,6887
Candytuft,6888
Red Hot Poker Plant,6889
Chamomile,6890
Baobab,6891
Daisy,6892
Banyan,6893
Mangrove tree,6894
African Violet,6895
Chamomile,6896
Banyan,6897
Tulip,6898
Daisy,6899
Buttercup,6900
Thistle,6901
Banyan,6902
Filipendula,6903
Cornflower,6904
Snowflake,6905
Coneflower,6906
Bramble,6907
Baobab,6908
Lily,6909
Cucumber,6910
Vervain,6911
Elephant Ear,6912
Carrot,6913
Lily,6914
Kentia Palm Plant,6915
Cabbage,6916
Pansy,6917
Snowdrop,6918
Bindweed,6919
Cotton plant,6920
Apple,6921
Thistle,6922
Bearberry,6923
California sycamore,6924
Cup Flower,6925
Cactus,6926
Fellenwort,6927
Daisy,6928
Cactus,6929
Bearberry,6930
Mangrove tree,6931
Cornflower,6932
Millet,6933
Soapwort,6934
Carrot,6935
Bilberry,6936
Bilberry,6937
Banyan,6938
Guaco,6939
Tulip,6940
Huckleberry,6941
Narcissus,6942
Kauila,6943
Bleeding Heart,6944
Arrowwood,6945
Mangrove tree,6946
Vervain,6947
Fellenwort,6948
Catmint,6949
Rose,6950
Shasta Daisy,6951
Chamomile,6952
Urn Plant,6953
Butterfly weed,6954
Huckleberry,6955
Dumb Cane,6956
Clarkia,6957
Columbine,6958
Candytuft,6959
Mistletoe,6960
Chamomile,6961
Drumstick,6962
Cotton plant,6963
Chamomile,6964
Vervain,6965
Lily,6966
Bearberry,6967
Silene,6968
Rosemary,6969
Agapanthus,6970
Goldenglow,6971
Ironwood,6972
Birch,6973
Snowdrop,6974
Fellenwort,6975
Bellflower,6976
Daisy,6977
Bellflower,6978
Fennel,6979
Mesquite,6980
Cornflower,6981
Dumb Cane,6982
Thistle,6983
Huckleberry,6984
Guaco,6985
Ironwood,6986
Mistletoe,6987
Lily,6988
Urn Plant,6989
Carrot,6990
Ironwood,6991
Cotton plant,6992
Bleeding Heart,6993
Dumb Cane,6994
Lucky Bamboo,6995
Dogwood,6996
Gillyflower,6997
Chamomile,6998
Urn Plant,6999
Huckleberry,7000
Apricot,7001
Red Hot Poker Plant,7002
Guaco,7003
Ginseng,7004
Snowflake,7005
Banyan,7006
Ironwood,7007
Chestnut,7008
Carrot,7009
Ginseng,7010
Soapwort,7011
Silene,7012
Lucky Bamboo,7013
Columbine,7014
Buttercup,7015
Eucalyptus,7016
Fig,7017
Fellenwort,7018
Dogwood,7019
Bearberry,7020
Kentia Palm Plant,7021
Easter orchid,7022
Cactus,7023
Poppy,7024
Cactus,7025
Bellflower,7026
Mugwort,7027
Birch,7028
Elephant Ear,7029
Soapwort,7030
Clarkia,7031
Morning Glory,7032
Lucky Bamboo,7033
Mesquite,7034
Guaco,7035
Shasta Daisy,7036
Bilberry,7037
Kentia Palm Plant,7038
Arrowwood,7039
Clarkia,7040
Primrose,7041
Poppy,7042
Rosemary,7043
Goldenrod,7044
Apricot,7045
Goldenrod,7046
Bindweed,7047
Primrose,7048
Urn Plant,7049
Kudzu,7050
Periwinkle,7051
Vervain,7052
Guaco,7053
Lily,7054
Cup Flower,7055
Bramble,7056
Banyan,7057
Dindle,7058
Mangrove tree,7059
Japanese Iris,7060
Primrose,7061
Dogwood,7062
Shasta Daisy,7063
Apricot,7064
Dindle,7065
Bluebonnet,7066
Pansy,7067
Cherry,7068
Dindle,7069
Baobab,7070
Bee Balm Flower,7071
Veronica,7072
Bramble,7073
Cabbage,7074
Mesquite,7075
Goldenglow,7076
Bearberry,7077
Poppy,7078
Veronica,7079
Poppy,7080
Dogwood,7081
Mugwort,7082
Hedge plant,7083
Ambrosia,7084
Dindle,7085
Easter orchid,7086
Catmint,7087
Lily,7088
Baobab,7089
Agapanthus,7090
Ironwood,7091
Hedge plant,7092
Bindweed,7093
Bee Balm Flower,7094
Clarkia,7095
Water Lily,7096
Veronica,7097
Cabbage,7098
Columbine,7099
Elephant Ear,7100
Apple,7101
Buttercup,7102
Cup Flower,7103
Cup Flower,7104
Morning Glory,7105
Fig,7106
Bellflower,7107
Kauila,7108
Chamomile,7109
Shasta Daisy,7110
Mangrove tree,7111
Mistletoe,7112
Kentia Palm Plant,7113
Fennel,7114
Madagascar Dragon Tree,7115
Rose,7116
Birch,7117
Bearberry,7118
Collard,7119
Collard,7120
Butterfly weed,7121
Madagascar Dragon Tree,7122
Calla Lily,7123
Aspen,7124
Fellenwort,7125
Soapwort,7126
Buttercup,7127
Cotton plant,7128
Carrot,7129
Kentia Palm Plant,7130
Bilberry,7131
Collard,7132
Baobab,7133
Cotton plant,7134
California sycamore,7135
Columbine,7136
Hedge plant,7137
Bilberry,7138
Candytuft,7139
Primrose,7140
Chinese Evergreen,7141
Kudzu,7142
Bearberry,7143
Carrot,7144
Shasta Daisy,7145
Hedge plant,7146
Butterfly weed,7147
Thistle,7148
Bearberry,7149
Ambrosia,7150
Fig,7151
Eucalyptus,7152
Baobab,7153
Daisy,7154
Kudzu,7155
Poppy,7156
Dogwood,7157
Apricot,7158
Primrose,7159
Poppy,7160
Baobab,7161
Huckleberry,7162
Easter orchid,7163
Groundberry,7164
Easter orchid,7165
Nightshade Family,7166
Goldenrod,7167
Bee Balm Flower,7168
Clarkia,7169
Ginseng,7170
Ginseng,7171
Drumstick,7172
Carrot,7173
Collard,7174
Columbine,7175
Groundberry,7176
Alstroemeria,7177
Apple,7178
Vervain,7179
Ambrosia,7180
Vervain,7181
Alstroemeria,7182
Carrot,7183
Dindle,7184
Huckleberry,7185
Apricot,7186
Bearberry,7187
Veronica,7188
Bleeding Heart,7189
Grapefruit,7190
Mesquite,7191
Cabbage,7192
Bilberry,7193
Ironwood,7194
California sycamore,7195
Mangrove tree,7196
Hedge plant,7197
Mangrove tree,7198
Snowdrop,7199
Lucky Bamboo,7200
Filipendula,7201
Urn Plant,7202
Veronica,7203
Periwinkle,7204
Water Lily,7205
Pansy,7206
Ginseng,7207
Goldenrod,7208
Aspen,7209
Coneflower,7210
Kauila,7211
Cabbage,7212
Veronica,7213
Cactus,7214
Thistle,7215
Bearberry,7216
Dogwood,7217
Japanese Iris,7218
Collard,7219
Mistletoe,7220
Bramble,7221
Alstroemeria,7222
Morning Glory,7223
Pansy,7224
Kauila,7225
Cactus,7226
Columbine,7227
Goldenglow,7228
Coneflower,7229
Chinese Evergreen,7230
Fennel,7231
Cup Flower,7232
Bleeding Heart,7233
Calla Lily,7234
California sycamore,7235
Ambrosia,7236
Mistletoe,7237
Mugwort,7238
Vervain,7239
Veronica,7240
Gillyflower,7241
Japanese Iris,7242
Ambrosia,7243
Rosemary,7244
Nightshade Family,7245
Gillyflower,7246
Bleeding Heart,7247
Lily,7248
Urn Plant,7249
Apricot,7250
Birch,7251
Soapwort,7252
Nightshade Family,7253
Grapefruit,7254
Ambrosia,7255
Apple,7256
Groundberry,7257
Fennel,7258
Urn Plant,7259
Kudzu,7260
Tulip,7261
Veronica,7262
Narcissus,7263
Indian paintbrush,7264
Cucumber,7265
Red Hot Poker Plant,7266
Veronica,7267
Manzanita,7268
Banyan,7269
Chamomile,7270
Apricot,7271
Narcissus,7272
Lily,7273
Gillyflower,7274
Bearberry,7275
Japanese Iris,7276
Clarkia,7277
Bee Balm Flower,7278
Agapanthus,7279
Columbine,7280
Guaco,7281
Soapwort,7282
Mesquite,7283
Kudzu,7284
Silene,7285
Primrose,7286
Indian paintbrush,7287
Apricot,7288
Cotton plant,7289
Bindweed,7290
Kudzu,7291
Manzanita,7292
Coneflower,7293
Mistletoe,7294
Cup Flower,7295
Coneflower,7296
Grapefruit,7297
Huckleberry,7298
Chinese Evergreen,7299
Red Hot Poker Plant,7300
Coneflower,7301
Daisy,7302
Chestnut,7303
Aspen,7304
Dumb Cane,7305
African Violet,7306
Grapefruit,7307
Buttercup,7308
Arrowwood,7309
Snowdrop,7310
Eucalyptus,7311
Nemesia,7312
Birch,7313
Bluebonnet,7314
Calla Lily,7315
Ironwood,7316
Cornflower,7317
Birch,7318
Drumstick,7319
Nightshade Family,7320
Mugwort,7321
Collard,7322
Red Hot Poker Plant,7323
Carrot,7324
Symphytum,7325
Fig,7326
Symphytum,7327
Bramble,7328
Japanese Iris,7329
Soapwort,7330
Narcissus,7331
Thistle,7332
Bluebonnet,7333
Columbine,7334
Bluebonnet,7335
Eucalyptus,7336
Goldenrod,7337
Eucalyptus,7338
Urn Plant,7339
Clarkia,7340
Cornflower,7341
Pansy,7342
Poppy,7343
Goldenrod,7344
Chamomile,7345
Bellflower,7346
Nemesia,7347
Primrose,7348
Chamomile,7349
Agapanthus,7350
Filipendula,7351
Dumb Cane,7352
Dogwood,7353
Groundberry,7354
Alstroemeria,7355
Madagascar Dragon Tree,7356
Pansy,7357
Alstroemeria,7358
Dogwood,7359
Cup Flower,7360
Easter orchid,7361
African Violet,7362
Rosemary,7363
Buttercup,7364
Dogwood,7365
Cactus,7366
Huckleberry,7367
Dogwood,7368
Primrose,7369
Morning Glory,7370
Silene,7371
Clarkia,7372
Rosemary,7373
Periwinkle,7374
Coneflower,7375
Cactus,7376
Cotton plant,7377
Easter orchid,7378
Kauila,7379
Thistle,7380
Indian paintbrush,7381
Symphytum,7382
Silene,7383
Cornflower,7384
Cucumber,7385
Narcissus,7386
Rosemary,7387
Poppy,7388
Mistletoe,7389
Birch,7390
Shasta Daisy,7391
Veronica,7392
Mistletoe,7393
Madagascar Dragon Tree,7394
Apple,7395
Bleeding Heart,7396
Poppy,7397
Dogwood,7398
Fellenwort,7399
Thistle,7400
Filipendula,7401
Silene,7402
Dumb Cane,7403
Fig,7404
Bee Balm Flower,7405
Birch,7406
Bleeding Heart,7407
Fig,7408
Clarkia,7409
Snowflake,7410
Narcissus,7411
Cactus,7412
Dogwood,7413
Bleeding Heart,7414
Cucumber,7415
Poppy,7416
Poppy,7417
Gillyflower,7418
Silene,7419
Eucalyptus,7420
Chestnut,7421
Snowflake,7422
Snowdrop,7423
Apple,7424
Manzanita,7425
Japanese Iris,7426
Aspen,7427
Bluebonnet,7428
Baobab,7429
Columbine,7430
Catmint,7431
California sycamore,7432
Dogwood,7433
Dogwood,7434
Silene,7435
Drumstick,7436
Fellenwort,7437
Collard,7438
Goldenrod,7439
Tulip,7440
Ambrosia,7441
Mugwort,7442
Apricot,7443
Guaco,7444
Drumstick,7445
Bearberry,7446
Nightshade Family,7447
Millet,7448
Lucky Bamboo,7449
Madagascar Dragon Tree,7450
Thistle,7451
Elephant Ear,7452
Mugwort,7453
African Violet,7454
Fig,7455
Bearberry,7456
Coneflower,7457
Grapefruit,7458
Mesquite,7459
Fellenwort,7460
Periwinkle,7461
Hedge plant,7462
Eucalyptus,7463
Carrot,7464
Bearberry,7465
Bindweed,7466
Catmint,7467
Dumb Cane,7468
Grapefruit,7469
Gillyflower,7470
Kentia Palm Plant,7471
Tulip,7472
Alstroemeria,7473
Gillyflower,7474
Fennel,7475
Dogwood,7476
Columbine,7477
Birch,7478
Columbine,7479
Lucky Bamboo,7480
Baobab,7481
Bee Balm Flower,7482
Cabbage,7483
Snowflake,7484
Dogwood,7485
Dogwood,7486
Vervain,7487
Bee Balm Flower,7488
Catmint,7489
Bramble,7490
Rose,7491
Groundberry,7492
Hedge plant,7493
Soapwort,7494
Primrose,7495
Bramble,7496
Eucalyptus,7497
Daisy,7498
Bluebonnet,7499
Kauila,7500
Cherry,7501
Nightshade Family,7502
Dogwood,7503
Calla Lily,7504
Kauila,7505
Kentia Palm Plant,7506
Columbine,7507
Fennel,7508
Narcissus,7509
Bindweed,7510
Morning Glory,7511
Baobab,7512
Groundberry,7513
Filipendula,7514
Indian paintbrush,7515
Guaco,7516
Apricot,7517
Chamomile,7518
California sycamore,7519
Mistletoe,7520
Rose,7521
Guaco,7522
Kauila,7523
Drumstick,7524
Alstroemeria,7525
Easter orchid,7526
Eucalyptus,7527
Cotton plant,7528
Bee Balm Flower,7529
Snowdrop,7530
Narcissus,7531
Symphytum,7532
California sycamore,7533
Eucalyptus,7534
Urn Plant,7535
Dumb Cane,7536
Hedge plant,7537
Filipendula,7538
Ginseng,7539
Symphytum,7540
Snowdrop,7541
Cactus,7542
Tulip,7543
Manzanita,7544
Banyan,7545
Japanese Iris,7546
Primrose,7547
Goldenrod,7548
Cherry,7549
Cactus,7550
Chamomile,7551
Primrose,7552
Periwinkle,7553
Rose,7554
Elephant Ear,7555
Dogwood,7556
Narcissus,7557
Mistletoe,7558
Collard,7559
Columbine,7560
Calla Lily,7561
Pansy,7562
Chinese Evergreen,7563
Calla Lily,7564
Madagascar Dragon Tree,7565
Snowdrop,7566
African Violet,7567
Kentia Palm Plant,7568
Columbine,7569
Indian paintbrush,7570
Bilberry,7571
Bramble,7572
Snowflake,7573
African Violet,7574
Apple,7575
Veronica,7576
Silene,7577
Bluebonnet,7578
Filipendula,7579
Water Lily,7580
Bearberry,7581
Veronica,7582
Cherry,7583
Goldenrod,7584
Carrot,7585
Bramble,7586
Vervain,7587
Bilberry,7588
Rosemary,7589
Bluebonnet,7590
Guaco,7591
Guaco,7592
Veronica,7593
Goldenrod,7594
Aspen,7595
Baobab,7596
Guaco,7597
Madagascar Dragon Tree,7598
Symphytum,7599
Chamomile,7600
Snowflake,7601
Narcissus,7602
Chestnut,7603
Cabbage,7604
Snowflake,7605
Groundberry,7606
Dumb Cane,7607
Poppy,7608
Shasta Daisy,7609
Cherry,7610
Bearberry,7611
Cup Flower,7612
Thistle,7613
Ironwood,7614
African Violet,7615
African Violet,7616
Gillyflower,7617
Millet,7618
Apple,7619
Kauila,7620
Rosemary,7621
Dogwood,7622
Indian paintbrush,7623
Rosemary,7624
Veronica,7625
Columbine,7626
Cup Flower,7627
Mugwort,7628
Mangrove tree,7629
Poppy,7630
Goldenglow,7631
Lucky Bamboo,7632
Eucalyptus,7633
Periwinkle,7634
Daisy,7635
Calla Lily,7636
Mistletoe,7637
Alstroemeria,7638
Rose,7639
Madagascar Dragon Tree,7640
Bramble,7641
Madagascar Dragon Tree,7642
Eucalyptus,7643
Kudzu,7644
Snowdrop,7645
Columbine,7646
Easter orchid,7647
Catmint,7648
Dogwood,7649
Nightshade Family,7650
Eucalyptus,7651
Columbine,7652
Clarkia,7653
Columbine,7654
Elephant Ear,7655
Silene,7656
Lucky Bamboo,7657
Periwinkle,7658
Bleeding Heart,7659
Lucky Bamboo,7660
Japanese Iris,7661
Rose,7662
Cornflower,7663
Huckleberry,7664
Veronica,7665
Symphytum,7666
Elephant Ear,7667
Narcissus,7668
Tulip,7669
Red Hot Poker Plant,7670
Collard,7671
Rose,7672
Silene,7673
Arrowwood,7674
Madagascar Dragon Tree,7675
Bluebonnet,7676
Narcissus,7677
Bellflower,7678
Grapefruit,7679
Nemesia,7680
African Violet,7681
Daisy,7682
Kentia Palm Plant,7683
Collard,7684
Soapwort,7685
Alstroemeria,7686
Nightshade Family,7687
Periwinkle,7688
Poppy,7689
Lucky Bamboo,7690
Apricot,7691
Shasta Daisy,7692
Bramble,7693
Tulip,7694
Coneflower,7695
Dogwood,7696
Veronica,7697
Vervain,7698
Soapwort,7699
Bearberry,7700
Bearberry,7701
Water Lily,7702
Agapanthus,7703
Lucky Bamboo,7704
Catmint,7705
Clarkia,7706
Fennel,7707
Gillyflower,7708
Columbine,7709
Tulip,7710
Bearberry,7711
Snowdrop,7712
Symphytum,7713
Nemesia,7714
Grapefruit,7715
Lucky Bamboo,7716
Morning Glory,7717
Cactus,7718
Drumstick,7719
Narcissus,7720
Bilberry,7721
Bluebonnet,7722
Aspen,7723
Chamomile,7724
Coneflower,7725
Symphytum,7726
Morning Glory,7727
Gillyflower,7728
Water Lily,7729
Hedge plant,7730
Nemesia,7731
Japanese Iris,7732
Bleeding Heart,7733
Huckleberry,7734
Snowdrop,7735
Huckleberry,7736
Water Lily,7737
Cactus,7738
Goldenrod,7739
Mangrove tree,7740
Filipendula,7741
Buttercup,7742
Ironwood,7743
Bellflower,7744
Ginseng,7745
Cabbage,7746
Millet,7747
Guaco,7748
Fellenwort,7749
Mangrove tree,7750
Cornflower,7751
Cactus,7752
Columbine,7753
Eucalyptus,7754
Cornflower,7755
Soapwort,7756
Dogwood,7757
Urn Plant,7758
Madagascar Dragon Tree,7759
Fennel,7760
Lucky Bamboo,7761
Columbine,7762
Kauila,7763
Birch,7764
Catmint,7765
Alstroemeria,7766
Tulip,7767
Guaco,7768
Bearberry,7769
Bearberry,7770
Thistle,7771
Chestnut,7772
Arrowwood,7773
Chestnut,7774
Columbine,7775
Apricot,7776
Tulip,7777
Candytuft,7778
Nemesia,7779
Lily,7780
Agapanthus,7781
Catmint,7782
Vervain,7783
Chamomile,7784
Gillyflower,7785
Mistletoe,7786
Snowdrop,7787
Kauila,7788
Thistle,7789
Kentia Palm Plant,7790
Drumstick,7791
Narcissus,7792
Cherry,7793
Banyan,7794
Bee Balm Flower,7795
Kudzu,7796
Candytuft,7797
Soapwort,7798
Catmint,7799
Coneflower,7800
Ambrosia,7801
Hedge plant,7802
Bee Balm Flower,7803
Coneflower,7804
Agapanthus,7805
Columbine,7806
Goldenrod,7807
Butterfly weed,7808
Bramble,7809
Hedge plant,7810
Fig,7811
Madagascar Dragon Tree,7812
Manzanita,7813
Nightshade Family,7814
Collard,7815
Cotton plant,7816
Urn Plant,7817
Chamomile,7818
Chinese Evergreen,7819
California sycamore,7820
Pansy,7821
Mesquite,7822
Filipendula,7823
Silene,7824
Chestnut,7825
Periwinkle,7826
Arrowwood,7827
Bilberry,7828
Fellenwort,7829
Poppy,7830
Guaco,7831
Millet,7832
Drumstick,7833
Arrowwood,7834
Bilberry,7835
Snowflake,7836
Ambrosia,7837
Tulip,7838
Buttercup,7839
Agapanthus,7840
Madagascar Dragon Tree,7841
Collard,7842
Madagascar Dragon Tree,7843
Dogwood,7844
Huckleberry,7845
Baobab,7846
Birch,7847
Calla Lily,7848
California sycamore,7849
Apricot,7850
Dumb Cane,7851
Ginseng,7852
Thistle,7853
Mistletoe,7854
Bellflower,7855
Bee Balm Flower,7856
Goldenrod,7857
Candytuft,7858
Bilberry,7859
Cotton plant,7860
Kudzu,7861
Coneflower,7862
Carrot,7863
Aspen,7864
Guaco,7865
Mangrove tree,7866
California sycamore,7867
Kauila,7868
Kauila,7869
Grapefruit,7870
Baobab,7871
Catmint,7872
Lily,7873
Clarkia,7874
Urn Plant,7875
Aspen,7876
Millet,7877
Mangrove tree,7878
Cucumber,7879
Snowdrop,7880
Banyan,7881
Cabbage,7882
Bearberry,7883
Goldenglow,7884
Poppy,7885
Silene,7886
Urn Plant,7887
Grapefruit,7888
Tulip,7889
Kauila,7890
Banyan,7891
Cabbage,7892
Mangrove tree,7893
Kauila,7894
Buttercup,7895
Vervain,7896
Soapwort,7897
Bellflower,7898
Drumstick,7899
Calla Lily,7900
African Violet,7901
Cucumber,7902
Ironwood,7903
Poppy,7904
Hedge plant,7905
Kauila,7906
Chamomile,7907
Chinese Evergreen,7908
Dogwood,7909
Tulip,7910
African Violet,7911
Kentia Palm Plant,7912
Ambrosia,7913
Water Lily,7914
Rosemary,7915
Bee Balm Flower,7916
Drumstick,7917
Ironwood,7918
Eucalyptus,7919
Tulip,7920
Pansy,7921
Poppy,7922
Buttercup,7923
Dumb Cane,7924
Shasta Daisy,7925
Japanese Iris,7926
Bramble,7927
Goldenrod,7928
Mugwort,7929
Cactus,7930
Banyan,7931
Groundberry,7932
Symphytum,7933
Bluebonnet,7934
Lily,7935
Bramble,7936
Chamomile,7937
Ambrosia,7938
Catmint,7939
Indian paintbrush,7940
California sycamore,7941
Fennel,7942
Carrot,7943
Primrose,7944
Catmint,7945
Poppy,7946
Tulip,7947
Filipendula,7948
Symphytum,7949
Cactus,7950
Carrot,7951
Vervain,7952
Fig,7953
Chinese Evergreen,7954
Rosemary,7955
Apricot,7956
Groundberry,7957
Ironwood,7958
Veronica,7959
Dogwood,7960
Madagascar Dragon Tree,7961
Bleeding Heart,7962
Chamomile,7963
Ginseng,7964
Bellflower,7965
Indian paintbrush,7966
Clarkia,7967
Bindweed,7968
Silene,7969
Millet,7970
Mistletoe,7971
Collard,7972
Water Lily,7973
California sycamore,7974
Narcissus,7975
Goldenrod,7976
Baobab,7977
Buttercup,7978
Bindweed,7979
Red Hot Poker Plant,7980
Bluebonnet,7981
Gillyflower,7982
Soapwort,7983
Pansy,7984
Kentia Palm Plant,7985
Catmint,7986
Rose,7987
Cotton plant,7988
California sycamore,7989
Bee Balm Flower,7990
Easter orchid,7991
Grapefruit,7992
Banyan,7993
Cup Flower,7994
Eucalyptus,7995
Clarkia,7996
Cactus,7997
Bindweed,7998
Elephant Ear,7999
Clarkia,8000
Silene,8001
Kudzu,8002
Bramble,8003
Lucky Bamboo,8004
Bleeding Heart,8005
Cornflower,8006
Hedge plant,8007
Cup Flower,8008
Alstroemeria,8009
Filipendula,8010
Hedge plant,8011
Mistletoe,8012
Veronica,8013
California sycamore,8014
Morning Glory,8015
Eucalyptus,8016
Shasta Daisy,8017
Shasta Daisy,8018
Gillyflower,8019
Goldenrod,8020
Huckleberry,8021
Elephant Ear,8022
Grapefruit,8023
Ginseng,8024
Cabbage,8025
Collard,8026
Madagascar Dragon Tree,8027
Bearberry,8028
Butterfly weed,8029
Millet,8030
Bluebonnet,8031
Bramble,8032
Hedge plant,8033
Kudzu,8034
Morning Glory,8035
Water Lily,8036
Ginseng,8037
Collard,8038
Daisy,8039
Drumstick,8040
Chamomile,8041
Columbine,8042
Daisy,8043
Silene,8044
Dogwood,8045
Shasta Daisy,8046
Thistle,8047
Collard,8048
Easter orchid,8049
Dumb Cane,8050
Collard,8051
Buttercup,8052
Dogwood,8053
Morning Glory,8054
Thistle,8055
Clarkia,8056
Bleeding Heart,8057
Pansy,8058
Pansy,8059
Water Lily,8060
Arrowwood,8061
Dindle,8062
Agapanthus,8063
Cabbage,8064
Birch,8065
Butterfly weed,8066
Cactus,8067
Daisy,8068
Carrot,8069
Mesquite,8070
Nemesia,8071
Goldenglow,8072
Columbine,8073
Ironwood,8074
Rosemary,8075
Elephant Ear,8076
Hedge plant,8077
Fellenwort,8078
Ambrosia,8079
Kudzu,8080
Bluebonnet,8081
Aspen,8082
Bleeding Heart,8083
Butterfly weed,8084
Groundberry,8085
Mugwort,8086
Mesquite,8087
Shasta Daisy,8088
Mangrove tree,8089
Nemesia,8090
Vervain,8091
Silene,8092
Banyan,8093
Lily,8094
Calla Lily,8095
Coneflower,8096
Fennel,8097
Cherry,8098
Dindle,8099
Japanese Iris,8100
Bearberry,8101
Bindweed,8102
Fennel,8103
Nemesia,8104
Agapanthus,8105
Tulip,8106
Ginseng,8107
Japanese Iris,8108
Gillyflower,8109
Fellenwort,8110
Mangrove tree,8111
Catmint,8112
Bearberry,8113
Fig,8114
Snowdrop,8115
Bearberry,8116
Narcissus,8117
Narcissus,8118
Red Hot Poker Plant,8119
Pansy,8120
Thistle,8121
Eucalyptus,8122
Ginseng,8123
Primrose,8124
Cactus,8125
Soapwort,8126
Dogwood,8127
Bleeding Heart,8128
Tulip,8129
Pansy,8130
Bilberry,8131
Kudzu,8132
Shasta Daisy,8133
Snowdrop,8134
Agapanthus,8135
African Violet,8136
Mugwort,8137
Carrot,8138
Mistletoe,8139
Cactus,8140
Drumstick,8141
Indian paintbrush,8142
Cherry,8143
Drumstick,8144
Dogwood,8145
Mangrove tree,8146
Millet,8147
Apricot,8148
Manzanita,8149
Mistletoe,8150
Chestnut,8151
Buttercup,8152
African Violet,8153
African Violet,8154
Goldenglow,8155
Rose,8156
Buttercup,8157
Soapwort,8158
Kentia Palm Plant,8159
Vervain,8160
Butterfly weed,8161
Aspen,8162
Coneflower,8163
Filipendula,8164
Cucumber,8165
Pansy,8166
Daisy,8167
Cherry,8168
Goldenglow,8169
Lily,8170
Huckleberry,8171
Mistletoe,8172
Carrot,8173
Banyan,8174
Mangrove tree,8175
Aspen,8176
Nemesia,8177
Rosemary,8178
Morning Glory,8179
Banyan,8180
Apple,8181
Bindweed,8182
Cornflower,8183
Bee Balm Flower,8184
Bellflower,8185
Apricot,8186
Alstroemeria,8187
Morning Glory,8188
Morning Glory,8189
Bindweed,8190
Nemesia,8191
Gillyflower,8192
Indian paintbrush,8193
Drumstick,8194
Veronica,8195
Morning Glory,8196
Ironwood,8197
Cotton plant,8198
Apricot,8199
Bleeding Heart,8200
Candytuft,8201
Apple,8202
Birch,8203
Urn Plant,8204
Fig,8205
Coneflower,8206
Ginseng,8207
Filipendula,8208
Goldenglow,8209
Dumb Cane,8210
Chestnut,8211
Vervain,8212
Coneflower,8213
Bluebonnet,8214
Dumb Cane,8215
Clarkia,8216
Apricot,8217
Red Hot Poker Plant,8218
Veronica,8219
Chinese Evergreen,8220
Mesquite,8221
Cherry,8222
Alstroemeria,8223
Fennel,8224
Hedge plant,8225
Japanese Iris,8226
Rosemary,8227
Bearberry,8228
Filipendula,8229
Snowflake,8230
Bee Balm Flower,8231
Chamomile,8232
Morning Glory,8233
Bleeding Heart,8234
Bleeding Heart,8235
Primrose,8236
Mangrove tree,8237
Kentia Palm Plant,8238
Aspen,8239
Thistle,8240
Bee Balm Flower,8241
Fennel,8242
Narcissus,8243
Cabbage,8244
Cornflower,8245
Manzanita,8246
Chinese Evergreen,8247
Ironwood,8248
Drumstick,8249
Dumb Cane,8250
Urn Plant,8251
Bramble,8252
Manzanita,8253
Apple,8254
Japanese Iris,8255
Cherry,8256
Soapwort,8257
Nemesia,8258
Filipendula,8259
Water Lily,8260
Bee Balm Flower,8261
Kauila,8262
Primrose,8263
Chestnut,8264
Shasta Daisy,8265
Dogwood,8266
Periwinkle,8267
Bleeding Heart,8268
Carrot,8269
Dumb Cane,8270
Hedge plant,8271
Cotton plant,8272
Cotton plant,8273
Arrowwood,8274
Dogwood,8275
Clarkia,8276
Bee Balm Flower,8277
Cup Flower,8278
Millet,8279
Chamomile,8280
Eucalyptus,8281
Kentia Palm Plant,8282
Chestnut,8283
Filipendula,8284
Drumstick,8285
Tulip,8286
Fellenwort,8287
Candytuft,8288
Mesquite,8289
Mugwort,8290
Daisy,8291
Morning Glory,8292
Bee Balm Flower,8293
Daisy,8294
Dumb Cane,8295
Water Lily,8296
Soapwort,8297
Red Hot Poker Plant,8298
Urn Plant,8299
Cucumber,8300
Catmint,8301
Snowflake,8302
Fellenwort,8303
African Violet,8304
Carrot,8305
Hedge plant,8306
Gillyflower,8307
Kauila,8308
Baobab,8309
Cherry,8310
Bramble,8311
Cornflower,8312
Chestnut,8313
Periwinkle,8314
Cabbage,8315
Ginseng,8316
Apple,8317
Chamomile,8318
Madagascar Dragon Tree,8319
Groundberry,8320
Mistletoe,8321
Mesquite,8322
Japanese Iris,8323
Tulip,8324
Dogwood,8325
Pansy,8326
Gillyflower,8327
Indian paintbrush,8328
Arrowwood,8329
Bluebonnet,8330
Baobab,8331
Fennel,8332
California sycamore,8333
Alstroemeria,8334
Bleeding Heart,8335
Cherry,8336
Clarkia,8337
Madagascar Dragon Tree,8338
Mesquite,8339
Apple,8340
Guaco,8341
Bleeding Heart,8342
Guaco,8343
Catmint,8344
Nightshade Family,8345
Primrose,8346
Bilberry,8347
Narcissus,8348
Cherry,8349
Filipendula,8350
Columbine,8351
Cactus,8352
Veronica,8353
Coneflower,8354
Banyan,8355
Cotton plant,8356
Manzanita,8357
Vervain,8358
Cactus,8359
Columbine,8360
Cornflower,8361
Catmint,8362
Millet,8363
Cornflower,8364
Water Lily,8365
Kudzu,8366
Periwinkle,8367
Carrot,8368
Goldenglow,8369
Ironwood,8370
Chestnut,8371
Arrowwood,8372
Bearberry,8373
Bluebonnet,8374
Snowdrop,8375
Cup Flower,8376
Silene,8377
Cabbage,8378
Apple,8379
Columbine,8380
Easter orchid,8381
Ginseng,8382
Baobab,8383
Chestnut,8384
Bleeding Heart,8385
Cotton plant,8386
Thistle,8387
Carrot,8388
Thistle,8389
Snowdrop,8390
Symphytum,8391
Easter orchid,8392
Easter orchid,8393
Coneflower,8394
Lily,8395
Shasta Daisy,8396
Goldenrod,8397
Eucalyptus,8398
Apricot,8399
Goldenglow,8400
Bindweed,8401
Kentia Palm Plant,8402
Arrowwood,8403
Grapefruit,8404
Elephant Ear,8405
Mangrove tree,8406
Thistle,8407
Lily,8408
Banyan,8409
Agapanthus,8410
Narcissus,8411
Thistle,8412
Dumb Cane,8413
Cotton plant,8414
Baobab,8415
Morning Glory,8416
Apple,8417
Pansy,8418
African Violet,8419
Ambrosia,8420
Mangrove tree,8421
Aspen,8422
Nightshade Family,8423
Nightshade Family,8424
Carrot,8425
Manzanita,8426
Goldenglow,8427
Kudzu,8428
Coneflower,8429
Baobab,8430
Water Lily,8431
Mangrove tree,8432
Mesquite,8433
Gillyflower,8434
Silene,8435
Apricot,8436
Elephant Ear,8437
Catmint,8438
Pansy,8439
Huckleberry,8440
Columbine,8441
Bee Balm Flower,8442
Periwinkle,8443
Gillyflower,8444
Dogwood,8445
Bellflower,8446
Easter orchid,8447
Agapanthus,8448
Birch,8449
Baobab,8450
Veronica,8451
Apple,8452
Lucky Bamboo,8453
Kauila,8454
Ambrosia,8455
Vervain,8456
Rose,8457
Carrot,8458
Columbine,8459
Guaco,8460
Cactus,8461
Nightshade Family,8462
Nightshade Family,8463
Bilberry,8464
Gillyflower,8465
Mugwort,8466
Madagascar Dragon Tree,8467
Silene,8468
Bilberry,8469
Columbine,8470
Bindweed,8471
Mangrove tree,8472
Primrose,8473
Water Lily,8474
Kudzu,8475
Lucky Bamboo,8476
Lucky Bamboo,8477
Snowdrop,8478
Chamomile,8479
Cornflower,8480
Rosemary,8481
Rose,8482
Carrot,8483
Grapefruit,8484
Daisy,8485
Carrot,8486
Bee Balm Flower,8487
Red Hot Poker Plant,8488
Snowdrop,8489
Chinese Evergreen,8490
Soapwort,8491
Snowdrop,8492
Millet,8493
Bindweed,8494
Mugwort,8495
Easter orchid,8496
Kudzu,8497
Morning Glory,8498
Primrose,8499
Water Lily,8500
Symphytum,8501
Bramble,8502
Butterfly weed,8503
Columbine,8504
Kentia Palm Plant,8505
Rosemary,8506
Vervain,8507
Bee Balm Flower,8508
Clarkia,8509
Kentia Palm Plant,8510
Calla Lily,8511
Poppy,8512
Kauila,8513
Fellenwort,8514
Bilberry,8515
Arrowwood,8516
Shasta Daisy,8517
Tulip,8518
African Violet,8519
Mangrove tree,8520
Fennel,8521
Arrowwood,8522
Coneflower,8523
Butterfly weed,8524
Apricot,8525
Ginseng,8526
Eucalyptus,8527
Periwinkle,8528
Fellenwort,8529
Lucky Bamboo,8530
Chamomile,8531
Pansy,8532
Buttercup,8533
Baobab,8534
Bearberry,8535
Ironwood,8536
Bee Balm Flower,8537
Shasta Daisy,8538
African Violet,8539
Pansy,8540
Kudzu,8541
Primrose,8542
Madagascar Dragon Tree,8543
Fennel,8544
Manzanita,8545
Bearberry,8546
Candytuft,8547
Nemesia,8548
Pansy,8549
Ambrosia,8550
Guaco,8551
Catmint,8552
Bearberry,8553
Baobab,8554
Chestnut,8555
Mistletoe,8556
Banyan,8557
Dumb Cane,8558
Bindweed,8559
Apricot,8560
Collard,8561
Cabbage,8562
Japanese Iris,8563
Morning Glory,8564
Water Lily,8565
Rosemary,8566
Dogwood,8567
Mistletoe,8568
Columbine,8569
Veronica,8570
Vervain,8571
Dumb Cane,8572
Arrowwood,8573
Cucumber,8574
Madagascar Dragon Tree,8575
Fennel,8576
Chinese Evergreen,8577
Cucumber,8578
Columbine,8579
Bilberry,8580
Easter orchid,8581
Cherry,8582
Daisy,8583
Rosemary,8584
Mistletoe,8585
Bleeding Heart,8586
Guaco,8587
Shasta Daisy,8588
Kudzu,8589
Cucumber,8590
Columbine,8591
Bee Balm Flower,8592
Guaco,8593
Poppy,8594
Goldenglow,8595
Thistle,8596
Bellflower,8597
Elephant Ear,8598
Fellenwort,8599
Easter orchid,8600
Coneflower,8601
Baobab,8602
Lily,8603
Apple,8604
Snowdrop,8605
Mistletoe,8606
Drumstick,8607
Kentia Palm Plant,8608
Snowflake,8609
Bindweed,8610
Cup Flower,8611
Narcissus,8612
Water Lily,8613
Pansy,8614
Narcissus,8615
Chestnut,8616
Filipendula,8617
Calla Lily,8618
Catmint,8619
Vervain,8620
Ambrosia,8621
Bindweed,8622
Dogwood,8623
Bee Balm Flower,8624
Nemesia,8625
Aspen,8626
Narcissus,8627
Snowflake,8628
Urn Plant,8629
Buttercup,8630
Hedge plant,8631
Easter orchid,8632
Ambrosia,8633
Baobab,8634
Fellenwort,8635
Butterfly weed,8636
Eucalyptus,8637
Nemesia,8638
Grapefruit,8639
Dumb Cane,8640
Filipendula,8641
Agapanthus,8642
Silene,8643
Arrowwood,8644
Butterfly weed,8645
Cactus,8646
Kauila,8647
Catmint,8648
Mugwort,8649
Snowflake,8650
Apricot,8651
Butterfly weed,8652
Morning Glory,8653
Ginseng,8654
Madagascar Dragon Tree,8655
Elephant Ear,8656
Ginseng,8657
Silene,8658
Elephant Ear,8659
Coneflower,8660
Lucky Bamboo,8661
Buttercup,8662
Soapwort,8663
Bearberry,8664
Symphytum,8665
Morning Glory,8666
Columbine,8667
Red Hot Poker Plant,8668
Cup Flower,8669
Chinese Evergreen,8670
Dogwood,8671
Bearberry,8672
Fig,8673
Catmint,8674
Cup Flower,8675
Kentia Palm Plant,8676
Indian paintbrush,8677
Urn Plant,8678
Buttercup,8679
Kentia Palm Plant,8680
Collard,8681
Cucumber,8682
Goldenrod,8683
Manzanita,8684
Nightshade Family,8685
Kentia Palm Plant,8686
Soapwort,8687
Water Lily,8688
Snowflake,8689
Chamomile,8690
Daisy,8691
Baobab,8692
Kudzu,8693
Mangrove tree,8694
Carrot,8695
Catmint,8696
Vervain,8697
Narcissus,8698
Bramble,8699
Candytuft,8700
Mistletoe,8701
Fellenwort,8702
Dogwood,8703
Filipendula,8704
Morning Glory,8705
Narcissus,8706
Dogwood,8707
Guaco,8708
Grapefruit,8709
Kauila,8710
Columbine,8711
Bearberry,8712
Cabbage,8713
Collard,8714
Madagascar Dragon Tree,8715
Clarkia,8716
Clarkia,8717
Red Hot Poker Plant,8718
Millet,8719
Arrowwood,8720
Dogwood,8721
Birch,8722
Arrowwood,8723
Japanese Iris,8724
Manzanita,8725
Carrot,8726
Carrot,8727
Millet,8728
Aspen,8729
Calla Lily,8730
African Violet,8731
Carrot,8732
Cornflower,8733
Candytuft,8734
Primrose,8735
Apricot,8736
Eucalyptus,8737
Mesquite,8738
Thistle,8739
Bindweed,8740
Aspen,8741
African Violet,8742
Dindle,8743
Ginseng,8744
Mistletoe,8745
Fellenwort,8746
Elephant Ear,8747
Carrot,8748
Manzanita,8749
Rosemary,8750
Indian paintbrush,8751
Apricot,8752
Clarkia,8753
Goldenglow,8754
Butterfly weed,8755
Collard,8756
Kentia Palm Plant,8757
Ironwood,8758
Bleeding Heart,8759
Clarkia,8760
Guaco,8761
Butterfly weed,8762
Nightshade Family,8763
Millet,8764
Goldenrod,8765
Bee Balm Flower,8766
Goldenglow,8767
Apple,8768
Birch,8769
Nemesia,8770
Banyan,8771
Cornflower,8772
Cornflower,8773
Chinese Evergreen,8774
Bearberry,8775
Bee Balm Flower,8776
Ginseng,8777
Bellflower,8778
Manzanita,8779
Madagascar Dragon Tree,8780
Urn Plant,8781
Primrose,8782
Gillyflower,8783
Tulip,8784
Collard,8785
Poppy,8786
Hedge plant,8787
Columbine,8788
Dogwood,8789
Vervain,8790
Cotton plant,8791
Birch,8792
Collard,8793
Veronica,8794
Cucumber,8795
Thistle,8796
Madagascar Dragon Tree,8797
California sycamore,8798
Carrot,8799
Filipendula,8800
Silene,8801
Lucky Bamboo,8802
Daisy,8803
Birch,8804
Alstroemeria,8805
Apple,8806
Columbine,8807
Snowflake,8808
Kudzu,8809
Urn Plant,8810
Goldenglow,8811
Birch,8812
Groundberry,8813
Dogwood,8814
Calla Lily,8815
Guaco,8816
Urn Plant,8817
Fennel,8818
Columbine,8819
Drumstick,8820
Soapwort,8821
Banyan,8822
Nightshade Family,8823
Mistletoe,8824
Eucalyptus,8825
Thistle,8826
Cactus,8827
Snowdrop,8828
Groundberry,8829
Thistle,8830
Bearberry,8831
Bilberry,8832
Fennel,8833
Rosemary,8834
Carrot,8835
Easter orchid,8836
Soapwort,8837
Huckleberry,8838
Bluebonnet,8839
Guaco,8840
Madagascar Dragon Tree,8841
Rosemary,8842
Poppy,8843
Rose,8844
Bee Balm Flower,8845
Bluebonnet,8846
Bleeding Heart,8847
Bleeding Heart,8848
Manzanita,8849
Symphytum,8850
Baobab,8851
Catmint,8852
Rosemary,8853
Easter orchid,8854
Cabbage,8855
Cup Flower,8856
Bluebonnet,8857
Bearberry,8858
Alstroemeria,8859
Banyan,8860
Grapefruit,8861
Cotton plant,8862
Apricot,8863
Cabbage,8864
Lily,8865
Veronica,8866
Snowflake,8867
Birch,8868
Bee Balm Flower,8869
Guaco,8870
Manzanita,8871
Bindweed,8872
Cabbage,8873
Snowdrop,8874
Madagascar Dragon Tree,8875
Manzanita,8876
Mistletoe,8877
Manzanita,8878
Easter orchid,8879
Goldenglow,8880
Bluebonnet,8881
Mistletoe,8882
Millet,8883
Cornflower,8884
Urn Plant,8885
Cherry,8886
Dindle,8887
Poppy,8888
Silene,8889
Rose,8890
Fennel,8891
Dogwood,8892
Bindweed,8893
Buttercup,8894
Birch,8895
Bilberry,8896
Morning Glory,8897
Cornflower,8898
Goldenrod,8899
Bluebonnet,8900
Clarkia,8901
Silene,8902
Cucumber,8903
Calla Lily,8904
Mangrove tree,8905
Kentia Palm Plant,8906
Bramble,8907
Birch,8908
Ambrosia,8909
Madagascar Dragon Tree,8910
Red Hot Poker Plant,8911
Apricot,8912
Dumb Cane,8913
Hedge plant,8914
Mesquite,8915
Japanese Iris,8916
Dogwood,8917
Bleeding Heart,8918
Shasta Daisy,8919
Bearberry,8920
Kentia Palm Plant,8921
Morning Glory,8922
Fellenwort,8923
Alstroemeria,8924
Collard,8925
Bearberry,8926
Dumb Cane,8927
Cup Flower,8928
Ambrosia,8929
Filipendula,8930
Thistle,8931
Buttercup,8932
Periwinkle,8933
Fennel,8934
Narcissus,8935
Kudzu,8936
Goldenglow,8937
Periwinkle,8938
Periwinkle,8939
Calla Lily,8940
Gillyflower,8941
Cotton plant,8942
Ironwood,8943
Lucky Bamboo,8944
Cherry,8945
Banyan,8946
Dogwood,8947
Symphytum,8948
Banyan,8949
Kentia Palm Plant,8950
Catmint,8951
Chinese Evergreen,8952
Rosemary,8953
Easter orchid,8954
Aspen,8955
Agapanthus,8956
Banyan,8957
Cotton plant,8958
Indian paintbrush,8959
Vervain,8960
Bramble,8961
Veronica,8962
Apple,8963
Mangrove tree,8964
Buttercup,8965
Grapefruit,8966
Columbine,8967
Cornflower,8968
Ironwood,8969
Nemesia,8970
Thistle,8971
Collard,8972
Symphytum,8973
Carrot,8974
Mangrove tree,8975
Bee Balm Flower,8976
Ginseng,8977
Ironwood,8978
Nightshade Family,8979
Madagascar Dragon Tree,8980
Guaco,8981
Chestnut,8982
Carrot,8983
Agapanthus,8984
Eucalyptus,8985
Bluebonnet,8986
Vervain,8987
Easter orchid,8988
Goldenrod,8989
Cactus,8990
Nightshade Family,8991
Bellflower,8992
Coneflower,8993
Cucumber,8994
Urn Plant,8995
Bluebonnet,8996
Fig,8997
Bearberry,8998
Manzanita,8999
Ironwood,9000
Dogwood,9001
Cabbage,9002
Lucky Bamboo,9003
Bearberry,9004
Cotton plant,9005
Bearberry,9006
Tulip,9007
Poppy,9008
Groundberry,9009
Millet,9010
Bearberry,9011
Hedge plant,9012
Ambrosia,9013
Chamomile,9014
Urn Plant,9015
Arrowwood,9016
Columbine,9017
Calla Lily,9018
Millet,9019
Rose,9020
Guaco,9021
Baobab,9022
Thistle,9023
Poppy,9024
Thistle,9025
Dogwood,9026
Thistle,9027
Bilberry,9028
Japanese Iris,9029
Columbine,9030
Aspen,9031
Kauila,9032
Groundberry,9033
Cup Flower,9034
Tulip,9035
Candytuft,9036
Goldenrod,9037
Ginseng,9038
Catmint,9039
Easter orchid,9040
Ironwood,9041
Pansy,9042
Mangrove tree,9043
Groundberry,9044
Grapefruit,9045
Arrowwood,9046
Daisy,9047
Fellenwort,9048
Goldenglow,9049
Bearberry,9050
Columbine,9051
Vervain,9052
Baobab,9053
Ginseng,9054
Agapanthus,9055
Filipendula,9056
Lucky Bamboo,9057
Bleeding Heart,9058
Fennel,9059
Millet,9060
Grapefruit,9061
Cabbage,9062
Bee Balm Flower,9063
California sycamore,9064
Apricot,9065
Rosemary,9066
Cornflower,9067
Carrot,9068
Nemesia,9069
Red Hot Poker Plant,9070
Mesquite,9071
Mugwort,9072
Bee Balm Flower,9073
Cabbage,9074
Bee Balm Flower,9075
Goldenrod,9076
Elephant Ear,9077
Lucky Bamboo,9078
Cherry,9079
Grapefruit,9080
Morning Glory,9081
African Violet,9082
Huckleberry,9083
Bearberry,9084
Dumb Cane,9085
Shasta Daisy,9086
Kentia Palm Plant,9087
Narcissus,9088
Butterfly weed,9089
Easter orchid,9090
Bearberry,9091
Fig,9092
Millet,9093
Dogwood,9094
Clarkia,9095
Easter orchid,9096
Chamomile,9097
Dumb Cane,9098
Kauila,9099
Kudzu,9100
California sycamore,9101
Japanese Iris,9102
Banyan,9103
Ginseng,9104
Veronica,9105
Ginseng,9106
Goldenglow,9107
Elephant Ear,9108
Kentia Palm Plant,9109
Candytuft,9110
Goldenglow,9111
Dumb Cane,9112
Bearberry,9113
Dumb Cane,9114
Filipendula,9115
Bramble,9116
Columbine,9117
Daisy,9118
California sycamore,9119
Dumb Cane,9120
Butterfly weed,9121
Bellflower,9122
Chestnut,9123
Snowdrop,9124
Alstroemeria,9125
Elephant Ear,9126
Hedge plant,9127
Lucky Bamboo,9128
Columbine,9129
Pansy,9130
Rosemary,9131
Elephant Ear,9132
Rose,9133
Mugwort,9134
Clarkia,9135
Kauila,9136
Cotton plant,9137
Manzanita,9138
Mesquite,9139
Cotton plant,9140
Birch,9141
Japanese Iris,9142
Snowflake,9143
Morning Glory,9144
Drumstick,9145
Bearberry,9146
Groundberry,9147
Millet,9148
Baobab,9149
Chestnut,9150
Cabbage,9151
Dogwood,9152
Madagascar Dragon Tree,9153
Bindweed,9154
Apricot,9155
Nightshade Family,9156
Gillyflower,9157
Eucalyptus,9158
Coneflower,9159
Cotton plant,9160
Buttercup,9161
Catmint,9162
Buttercup,9163
Tulip,9164
Symphytum,9165
Madagascar Dragon Tree,9166
Bearberry,9167
Lily,9168
Arrowwood,9169
Agapanthus,9170
Bee Balm Flower,9171
Huckleberry,9172
Kentia Palm Plant,9173
Calla Lily,9174
Japanese Iris,9175
Snowdrop,9176
Birch,9177
Guaco,9178
Lily,9179
Gillyflower,9180
Alstroemeria,9181
Bilberry,9182
Bluebonnet,9183
Ambrosia,9184
Drumstick,9185
Bleeding Heart,9186
Nightshade Family,9187
Collard,9188
Fig,9189
Dogwood,9190
Groundberry,9191
Tulip,9192
Gillyflower,9193
Lucky Bamboo,9194
Periwinkle,9195
Rose,9196
Columbine,9197
Bindweed,9198
Buttercup,9199
Baobab,9200
Primrose,9201
Columbine,9202
Narcissus,9203
Dogwood,9204
Fellenwort,9205
Dogwood,9206
Symphytum,9207
Chinese Evergreen,9208
Goldenrod,9209
Morning Glory,9210
Catmint,9211
Buttercup,9212
Buttercup,9213
Huckleberry,9214
Cornflower,9215
Groundberry,9216
Cactus,9217
Birch,9218
Huckleberry,9219
Kauila,9220
Agapanthus,9221
Mangrove tree,9222
Cup Flower,9223
Snowdrop,9224
Daisy,9225
Narcissus,9226
Japanese Iris,9227
Bilberry,9228
Bee Balm Flower,9229
Mangrove tree,9230
Ginseng,9231
Nightshade Family,9232
Apple,9233
Morning Glory,9234
Gillyflower,9235
Bindweed,9236
Primrose,9237
Dogwood,9238
Columbine,9239
Bilberry,9240
Tulip,9241
Silene,9242
Catmint,9243
Ironwood,9244
Dindle,9245
Mistletoe,9246
Rosemary,9247
Collard,9248
Columbine,9249
Butterfly weed,9250
Clarkia,9251
Water Lily,9252
Ironwood,9253
Candytuft,9254
Cucumber,9255
Baobab,9256
Apple,9257
Water Lily,9258
Morning Glory,9259
Dogwood,9260
Ironwood,9261
Nightshade Family,9262
Dogwood,9263
Mistletoe,9264
Butterfly weed,9265
Vervain,9266
Red Hot Poker Plant,9267
Goldenglow,9268
Japanese Iris,9269
Symphytum,9270
Groundberry,9271
Cotton plant,9272
Columbine,9273
Symphytum,9274
Snowdrop,9275
Thistle,9276
Kentia Palm Plant,9277
Agapanthus,9278
California sycamore,9279
Bearberry,9280
Dindle,9281
Bramble,9282
Cotton plant,9283
Snowdrop,9284
Bleeding Heart,9285
Madagascar Dragon Tree,9286
Cup Flower,9287
Fellenwort,9288
Fennel,9289
Bearberry,9290
Aspen,9291
Columbine,9292
Bluebonnet,9293
California sycamore,9294
Veronica,9295
Apple,9296
Huckleberry,9297
Thistle,9298
Dumb Cane,9299
Water Lily,9300
Alstroemeria,9301
Candytuft,9302
Kentia Palm Plant,9303
Cornflower,9304
Manzanita,9305
Japanese Iris,9306
Rose,9307
Carrot,9308
Periwinkle,9309
Elephant Ear,9310
Bindweed,9311
Daisy,9312
Cherry,9313
Water Lily,9314
Filipendula,9315
Rosemary,9316
Cactus,9317
Columbine,9318
Millet,9319
Aspen,9320
Filipendula,9321
Narcissus,9322
Bindweed,9323
Millet,9324
Water Lily,9325
Lily,9326
Birch,9327
Columbine,9328
Filipendula,9329
Red Hot Poker Plant,9330
Grapefruit,9331
Candytuft,9332
Lily,9333
Filipendula,9334
Japanese Iris,9335
Fennel,9336
Primrose,9337
Fig,9338
Millet,9339
Bearberry,9340
Birch,9341
Banyan,9342
Apple,9343
Mistletoe,9344
Red Hot Poker Plant,9345
Water Lily,9346
Bilberry,9347
Urn Plant,9348
Silene,9349
Mangrove tree,9350
Grapefruit,9351
African Violet,9352
Snowdrop,9353
Banyan,9354
Guaco,9355
Carrot,9356
Lily,9357
Bleeding Heart,9358
Lucky Bamboo,9359
Urn Plant,9360
Bramble,9361
Dindle,9362
Snowdrop,9363
Snowdrop,9364
Bramble,9365
Nemesia,9366
Water Lily,9367
Cotton plant,9368
Bleeding Heart,9369
Morning Glory,9370
Red Hot Poker Plant,9371
Agapanthus,9372
Vervain,9373
Mangrove tree,9374
Kauila,9375
Red Hot Poker Plant,9376
Elephant Ear,9377
Cucumber,9378
Bramble,9379
Dumb Cane,9380
Ambrosia,9381
Hedge plant,9382
Grapefruit,9383
Dogwood,9384
Buttercup,9385
Bramble,9386
Catmint,9387
Goldenglow,9388
Madagascar Dragon Tree,9389
Snowdrop,9390
Grapefruit,9391
Rosemary,9392
Goldenglow,9393
California sycamore,9394
Calla Lily,9395
Cherry,9396
Chamomile,9397
Chinese Evergreen,9398
Lily,9399
Arrowwood,9400
Primrose,9401
Columbine,9402
Grapefruit,9403
Buttercup,9404
Dogwood,9405
Bellflower,9406
Agapanthus,9407
Chestnut,9408
Carrot,9409
Cactus,9410
Mesquite,9411
Coneflower,9412
Alstroemeria,9413
Lucky Bamboo,9414
Silene,9415
Indian paintbrush,9416
Cotton plant,9417
Narcissus,9418
Primrose,9419
Primrose,9420
Mugwort,9421
Soapwort,9422
Guaco,9423
Cotton plant,9424
Nightshade Family,9425
Lily,9426
Bearberry,9427
Rose,9428
Filipendula,9429
Eucalyptus,9430
Collard,9431
Chamomile,9432
Dogwood,9433
Goldenglow,9434
Lily,9435
Manzanita,9436
Drumstick,9437
Cactus,9438
Dumb Cane,9439
Ironwood,9440
Bilberry,9441
Bleeding Heart,9442
Alstroemeria,9443
Easter orchid,9444
Fellenwort,9445
Mangrove tree,9446
Banyan,9447
Catmint,9448
Easter orchid,9449
Bellflower,9450
Filipendula,9451
Gillyflower,9452
Bleeding Heart,9453
Agapanthus,9454
Bilberry,9455
Daisy,9456
Snowdrop,9457
Dogwood,9458
Silene,9459
Soapwort,9460
Cucumber,9461
Kauila,9462
Collard,9463
Cotton plant,9464
Urn Plant,9465
Rose,9466
Dogwood,9467
Lucky Bamboo,9468
Agapanthus,9469
Alstroemeria,9470
Silene,9471
Water Lily,9472
Narcissus,9473
Fig,9474
Guaco,9475
Filipendula,9476
Ginseng,9477
Bee Balm Flower,9478
Arrowwood,9479
Elephant Ear,9480
Goldenglow,9481
Japanese Iris,9482
Urn Plant,9483
Veronica,9484
Bindweed,9485
Clarkia,9486
Catmint,9487
Huckleberry,9488
Chinese Evergreen,9489
Dogwood,9490
Fig,9491
Apricot,9492
Snowdrop,9493
Daisy,9494
Fig,9495
Gillyflower,9496
Calla Lily,9497
Fennel,9498
Carrot,9499
Water Lily,9500
Red Hot Poker Plant,9501
Millet,9502
Tulip,9503
Apple,9504
Millet,9505
Bilberry,9506
Ginseng,9507
Mistletoe,9508
Bramble,9509
Dogwood,9510
Mangrove tree,9511
Alstroemeria,9512
Agapanthus,9513
Veronica,9514
Goldenrod,9515
Mangrove tree,9516
Chinese Evergreen,9517
Groundberry,9518
Agapanthus,9519
Soapwort,9520
Lily,9521
Kudzu,9522
Dogwood,9523
Cornflower,9524
Lily,9525
Lily,9526
Bluebonnet,9527
Drumstick,9528
Primrose,9529
Bearberry,9530
Cactus,9531
Millet,9532
Cabbage,9533
Morning Glory,9534
Water Lily,9535
Thistle,9536
Coneflower,9537
Narcissus,9538
Catmint,9539
Shasta Daisy,9540
Fellenwort,9541
California sycamore,9542
Fellenwort,9543
Baobab,9544
Chinese Evergreen,9545
Primrose,9546
Madagascar Dragon Tree,9547
Catmint,9548
Bee Balm Flower,9549
Cup Flower,9550
Coneflower,9551
Goldenrod,9552
Collard,9553
Apricot,9554
Silene,9555
Ginseng,9556
Cactus,9557
Baobab,9558
Cornflower,9559
Ironwood,9560
Cup Flower,9561
Red Hot Poker Plant,9562
Guaco,9563
Dogwood,9564
Cherry,9565
Buttercup,9566
Cup Flower,9567
Madagascar Dragon Tree,9568
Manzanita,9569
Ambrosia,9570
Carrot,9571
Alstroemeria,9572
Alstroemeria,9573
Mangrove tree,9574
Daisy,9575
Pansy,9576
Madagascar Dragon Tree,9577
Carrot,9578
Drumstick,9579
Lily,9580
Mangrove tree,9581
Butterfly weed,9582
Alstroemeria,9583
Chestnut,9584
Dogwood,9585
Arrowwood,9586
Columbine,9587
Mesquite,9588
Mesquite,9589
California sycamore,9590
Goldenrod,9591
Birch,9592
Elephant Ear,9593
Groundberry,9594
Symphytum,9595
Guaco,9596
Ginseng,9597
Fennel,9598
Columbine,9599
Bindweed,9600
Chestnut,9601
Dumb Cane,9602
Bindweed,9603
Buttercup,9604
Banyan,9605
Alstroemeria,9606
Chinese Evergreen,9607
Morning Glory,9608
Carrot,9609
Agapanthus,9610
Water Lily,9611
Bramble,9612
California sycamore,9613
Calla Lily,9614
Easter orchid,9615
Agapanthus,9616
Bearberry,9617
Dogwood,9618
Dumb Cane,9619
Vervain,9620
Bramble,9621
Mangrove tree,9622
Fig,9623
Cabbage,9624
Pansy,9625
Calla Lily,9626
Silene,9627
Bindweed,9628
Drumstick,9629
Bearberry,9630
Groundberry,9631
Catmint,9632
Shasta Daisy,9633
Kauila,9634
Banyan,9635
California sycamore,9636
Clarkia,9637
Madagascar Dragon Tree,9638
Columbine,9639
Tulip,9640
Pansy,9641
Clarkia,9642
Bellflower,9643
Easter orchid,9644
Cotton plant,9645
Cabbage,9646
Bluebonnet,9647
Red Hot Poker Plant,9648
Baobab,9649
Millet,9650
Coneflower,9651
Vervain,9652
Grapefruit,9653
Millet,9654
Madagascar Dragon Tree,9655
Butterfly weed,9656
Cup Flower,9657
Collard,9658
Madagascar Dragon Tree,9659
Goldenglow,9660
Elephant Ear,9661
Buttercup,9662
Mugwort,9663
Drumstick,9664
Daisy,9665
Gillyflower,9666
Ginseng,9667
Daisy,9668
Symphytum,9669
Groundberry,9670
Cucumber,9671
Bilberry,9672
Snowdrop,9673
Cotton plant,9674
Arrowwood,9675
Cup Flower,9676
Baobab,9677
Collard,9678
Cornflower,9679
African Violet,9680
Snowdrop,9681
Nightshade Family,9682
Bramble,9683
Urn Plant,9684
Soapwort,9685
Cup Flower,9686
Symphytum,9687
Banyan,9688
Kentia Palm Plant,9689
Rosemary,9690
Snowdrop,9691
Shasta Daisy,9692
Primrose,9693
Goldenglow,9694
Arrowwood,9695
California sycamore,9696
Eucalyptus,9697
Cactus,9698
Cactus,9699
Gillyflower,9700
Butterfly weed,9701
Mesquite,9702
Cactus,9703
Eucalyptus,9704
Alstroemeria,9705
Dindle,9706
Bleeding Heart,9707
Cucumber,9708
Bilberry,9709
Millet,9710
Goldenglow,9711
Groundberry,9712
Guaco,9713
Mangrove tree,9714
Cucumber,9715
Madagascar Dragon Tree,9716
Dogwood,9717
Coneflower,9718
Narcissus,9719
Bindweed,9720
Apple,9721
Bellflower,9722
Mesquite,9723
Butterfly weed,9724
Ambrosia,9725
Columbine,9726
Bilberry,9727
Morning Glory,9728
Cup Flower,9729
Apple,9730
African Violet,9731
Filipendula,9732
Snowdrop,9733
Rose,9734
Manzanita,9735
Fellenwort,9736
Candytuft,9737
Silene,9738
African Violet,9739
Catmint,9740
Bindweed,9741
Narcissus,9742
Nightshade Family,9743
Chinese Evergreen,9744
Kauila,9745
Cactus,9746
Bindweed,9747
Baobab,9748
Buttercup,9749
Chinese Evergreen,9750
Rosemary,9751
Goldenglow,9752
Nemesia,9753
Gillyflower,9754
Symphytum,9755
Columbine,9756
Dumb Cane,9757
Veronica,9758
Fennel,9759
Bramble,9760
Bleeding Heart,9761
Red Hot Poker Plant,9762
Ambrosia,9763
Vervain,9764
Buttercup,9765
Bellflower,9766
Ambrosia,9767
Madagascar Dragon Tree,9768
Madagascar Dragon Tree,9769
Guaco,9770
Bramble,9771
Bearberry,9772
Bindweed,9773
Nightshade Family,9774
Dumb Cane,9775
Collard,9776
Mugwort,9777
Birch,9778
Coneflower,9779
Red Hot Poker Plant,9780
Chamomile,9781
Tulip,9782
Symphytum,9783
Bindweed,9784
Silene,9785
California sycamore,9786
Bearberry,9787
Indian paintbrush,9788
Dogwood,9789
Veronica,9790
Fellenwort,9791
Manzanita,9792
Goldenglow,9793
Grapefruit,9794
Dindle,9795
Millet,9796
Bleeding Heart,9797
Morning Glory,9798
Kauila,9799
Bluebonnet,9800
Chinese Evergreen,9801
Bramble,9802
Snowflake,9803
Grapefruit,9804
Alstroemeria,9805
Fig,9806
Fennel,9807
California sycamore,9808
Gillyflower,9809
Bee Balm Flower,9810
Water Lily,9811
Vervain,9812
Agapanthus,9813
Urn Plant,9814
Silene,9815
Symphytum,9816
Bilberry,9817
Bluebonnet,9818
Red Hot Poker Plant,9819
Fig,9820
Hedge plant,9821
Arrowwood,9822
Tulip,9823
Cornflower,9824
Chinese Evergreen,9825
Grapefruit,9826
Daisy,9827
California sycamore,9828
Mesquite,9829
Fig,9830
Columbine,9831
Manzanita,9832
Cucumber,9833
Primrose,9834
Baobab,9835
Groundberry,9836
Periwinkle,9837
Groundberry,9838
Silene,9839
Collard,9840
Arrowwood,9841
Bee Balm Flower,9842
Bearberry,9843
Columbine,9844
Manzanita,9845
Ginseng,9846
Mesquite,9847
Bearberry,9848
Symphytum,9849
Gillyflower,9850
Poppy,9851
Lucky Bamboo,9852
Gillyflower,9853
Daisy,9854
California sycamore,9855
California sycamore,9856
Pansy,9857
Grapefruit,9858
Gillyflower,9859
Easter orchid,9860
Cornflower,9861
Veronica,9862
Shasta Daisy,9863
Rose,9864
Lucky Bamboo,9865
Indian paintbrush,9866
Nightshade Family,9867
Lucky Bamboo,9868
Fellenwort,9869
Periwinkle,9870
Vervain,9871
Candytuft,9872
Kudzu,9873
Eucalyptus,9874
Tulip,9875
Daisy,9876
Indian paintbrush,9877
Rose,9878
Narcissus,9879
Banyan,9880
Red Hot Poker Plant,9881
Mistletoe,9882
Elephant Ear,9883
Mangrove tree,9884
Ginseng,9885
Grapefruit,9886
Bluebonnet,9887
Bluebonnet,9888
Madagascar Dragon Tree,9889
Drumstick,9890
Filipendula,9891
Symphytum,9892
Primrose,9893
Kentia Palm Plant,9894
Ambrosia,9895
Shasta Daisy,9896
Easter orchid,9897
Vervain,9898
Clarkia,9899
Drumstick,9900
Cornflower,9901
Filipendula,9902
Cucumber,9903
Vervain,9904
Symphytum,9905
Alstroemeria,9906
Chamomile,9907
Mistletoe,9908
California sycamore,9909
Candytuft,9910
Aspen,9911
Birch,9912
Snowdrop,9913
Apple,9914
Bearberry,9915
Mesquite,9916
Cotton plant,9917
Snowdrop,9918
Rosemary,9919
Elephant Ear,9920
Butterfly weed,9921
Cornflower,9922
Coneflower,9923
Buttercup,9924
Easter orchid,9925
Kauila,9926
Cotton plant,9927
Cornflower,9928
Fennel,9929
Water Lily,9930
Guaco,9931
Cornflower,9932
Bilberry,9933
Daisy,9934
Goldenrod,9935
Aspen,9936
Goldenglow,9937
Lily,9938
Drumstick,9939
Coneflower,9940
Indian paintbrush,9941
Aspen,9942
Hedge plant,9943
Bramble,9944
Cabbage,9945
Bluebonnet,9946
Buttercup,9947
Birch,9948
Cabbage,9949
Gillyflower,9950
Bramble,9951
Aspen,9952
Water Lily,9953
Cotton plant,9954
Manzanita,9955
Primrose,9956
Grapefruit,9957
Columbine,9958
Ironwood,9959
Bleeding Heart,9960
Soapwort,9961
Dogwood,9962
Manzanita,9963
Cotton plant,9964
Nightshade Family,9965
Silene,9966
Snowdrop,9967
Arrowwood,9968
Thistle,9969
Cornflower,9970
Buttercup,9971
Candytuft,9972
Dumb Cane,9973
Pansy,9974
Columbine,9975
Pansy,9976
Apricot,9977
Goldenglow,9978
Dindle,9979
Fennel,9980
Tulip,9981
Coneflower,9982
Ginseng,9983
Bleeding Heart,9984
Mesquite,9985
Baobab,9986
Agapanthus,9987
Groundberry,9988
Bilberry,9989
Rose,9990
Bearberry,9991
Symphytum,9992
Indian paintbrush,9993
Ginseng,9994
Dogwood,9995
Periwinkle,9996
Cotton plant,9997
Rose,9998
Catmint,9999
